flight,date,start_time,end_time,wing_name,site_name,launch_name,launch_altitude,launch_orientation,landing_location,landing_altitude,vertical_drop,wind_speed,wind_direction,duration_hours,duration_minutes,total_airtime,max_altitude,altitude_gain,xc_miles,"comments",,,
1,4/1/07,,,,The Point,,,,,,0,,,,,0.00,,,,Training Flights with Santacroce,,,
2,4/1/07,,,,The Point,,,,,,0,,,,,0.00,,,,Training Flights with Santacroce,,,
3,4/1/07,,,,The Point,,,,,,0,,,,,0.00,,,,Training Flights with Santacroce,,,
4,4/1/07,,,,The Point,,,,,,0,,,,,0.00,,,,Training Flights with Santacroce,,,
5,4/1/07,,,,The Point,,,,,,0,,,,,0.00,,,,Training Flights with Santacroce,,,
6,4/1/07,,,,The Point,,,,,,0,,,,,0.00,,,,Training Flights with Santacroce,,,
7,4/1/07,,,,The Point,,,,,,0,,,,,0.00,,,,Training Flights with Santacroce,,,
8,4/1/07,,,,The Point,,,,,,0,,,,,0.00,,,,Training Flights with Santacroce,,,
9,4/1/07,,,,The Point,,,,,,0,,,,,0.00,,,,Training Flights with Santacroce,,,
10,4/1/07,,,,The Point,,,,,,0,,,,,0.00,,,,Training Flights with Santacroce,,,
11,4/1/07,,,,The Point,,,,,,0,,,,,0.00,,,,Training Flights with Santacroce,,,
12,4/1/07,,,,The Point,,,,,,0,,,,,0.00,,,,Training Flights with Santacroce,,,
13,4/1/07,,,,The Point,,,,,,0,,,,,0.00,,,,Training Flights with Santacroce,,,
14,4/1/07,,,,The Point,,,,,,0,,,,,0.00,,,,Training Flights with Santacroce,,,
15,4/1/07,,,,The Point,,,,,,0,,,,,0.00,,,,Training Flights with Santacroce,,,
16,4/1/07,,,,The Point,,,,,,0,,,,,0.00,,,,Training Flights with Santacroce,,,
17,4/1/07,,,,The Point,,,,,,0,,,,,0.00,,,,Training Flights with Santacroce,,,
18,4/1/07,,,,The Point,,,,,,0,,,,,0.00,,,,Training Flights with Santacroce,,,
19,4/1/07,,,,The Point,,,,,,0,,,,,0.00,,,,Training Flights with Santacroce,,,
20,4/1/07,,,,The Point,,,,,,0,,,,,0.00,,,,Training Flights with Santacroce,,,
21,4/28/07,,,Firebird Ignition,The Point,North,,,,,0,,,,1,0.02,,,,Way quick sled ride... no wind,,,
22,4/29/07,,,Firebird Ignition,The Point,South,,,,,0,,,,3,0.07,,,,Quick sled to the bottom,,,
23,4/29/07,,,Firebird Ignition,The Point,South,,,,,0,,,,5,0.15,,,,"Stayed up a bit longer, still had to land at the bottom.",,,
24,4/29/07,,,Firebird Ignition,The Point,South,,,,,0,,,,45,0.90,,,,Best flight to date!  First time staying up in my new wing.  Top landing.,,,
25,4/30/07,,,Firebird Ignition,"Providence, UT",Sunset Peak,,,Field by Hyde Park Elementary,4575,1800,,,,15,1.15,,,,Most awesome flight ever!  First Mountain flight.  Landed in field near church.,,,
26,5/8/07,,,Firebird Ignition,"Providence, UT",Sunset Peak,,,Field by Hyde Park Elementary,4575,1800,,,,10,1.32,,,,Couldn't make it to the Elementary School so I landed at the base of the mountain.  Had to walk to my car to get Mark who launched later and flew the distance,,,
27,5/19/07,,,Firebird Ignition,"Bear Lake, UT",South,,,,,3000,,,,15,1.57,,,,"Maneuvers Clinic boat tow... practiced deflations, b-line stall, big ears.",,,
28,5/19/07,,,Firebird Ignition,"Bear Lake, UT",South,,,,,3000,,,,15,1.82,,,,"Maneuvers Clinic boat tow... practiced b-line stall (better), wing-overs.",,,
29,5/25/07,,,Firebird Ignition,The Point,North,,,,,0,,,,2,1.85,,,,Quick sled ride to the bottom.,,,
30,5/25/07,,,Firebird Ignition,The Point,"North, top",,,,,0,,,,7,1.97,,,,"Low winds, so Chris took us up to the top launch.  Great flight",,,
31,5/26/07,,,Firebird Ignition,The Point,South,,,,,0,,,,7,2.08,,,,Low winds... struggled to stay up.  Was a bit dangerous as I was hanging too close to the hill.  ,,,
32,5/26/07,,,Firebird Ignition,The Point,South,,,,,,,,,10,2.25,,,,Stayed up for longer.  Jake took some pics as he was waiting for me.,,,
33,5/26/07,,,Firebird Ignition,The Point,South,,,,,0,,,,10,2.42,,,,Another good flight in lower winds.,,,
34,5/3/07,,,Firebird Ignition,The Point,North,,,,,0,10-15,NE,1,0,3.42,,,,"Awesome flight.  Unstable conditions due to virga, so I had to pull big ears to decrease alt several times, to be safe.  Top landing.",,,
35,5/23/07,,,Firebird Ignition,The Point,North,,,,,0,,,1,0,4.42,,,,"Great Flight!  Waited until winds were stable and had a perfect flight.  Benched up, but stayed far from the mountain.  Big ears with speed bar to descend and top land.",,,
36,7/4/07,,,Firebird Ignition,Mussel Rock,Walker,,,,,0,5-10,SSW,,7,4.53,,,,First Pacific flight... sunk out and landed on the beach!,,,
37,7/4/07,,,Firebird Ignition,Mussel Rock,Walker,,,,,0,5-10,SSW,,5,4.62,,,,Quick sled.  Landed on the trail parallel the beach.,,,
38,7/28/07,,,Firebird Ignition,Mussel Rock,Walker,,,,,0,7-12,SSW,,5,4.70,,,,"Chris Santacroce showed up!  Low wind, so I did a few sleds.",,,
39,7/29/07,,,Firebird Ignition,Mussel Rock,Walker,,,,,0,7-12,SSW,,3,4.75,,,,"Low wind, sled ride.",,,
40,7/30/07,,,Firebird Ignition,Mussel Rock,Walker,,,,,0,7-12,SSW,,3,4.80,,,,"Low wind, sled ride.",,,
41,7/31/07,,,Firebird Ignition,Mussel Rock,Walker,,,,,0,7-12,SSW,,3,4.85,,,,"Low wind, sled ride.",,,
42,9/9/07,,,Firebird Ignition,Mussel Rock,Walker,,,,,0,10-15,SSW,,3,4.90,,,,Had to swerve to avoid a ridge hog... sunk out.,,,
43,9/9/07,,,Firebird Ignition,Mussel Rock,Walker,,,,,0,10-15,SSW,,3,4.95,,,,Almost stayed up.,,,
44,9/9/07,,,Firebird Ignition,Mussel Rock,Walker,,,,,0,10-15,SSW,,15,5.20,,,,First flight staying up at Muscle rock!  Got lift off to the south.  Flew north by the cliffs.,,,
45,9/10/07,,,Firebird Ignition,Mussel Rock,Walker,,,,,0,10-15,W,,3,5.25,,,,Sunk out heading south.,,,
46,9/10/07,,,Firebird Ignition,Mussel Rock,Walker,,,,,0,10-15,W,,3,5.30,,,,Sunk out heading south.,,,
47,9/10/07,,,Firebird Ignition,Mussel Rock,Walker,,,,,0,10-15,W,,5,5.38,,,,Sunk out heading south.,,,
48,9/10/07,,,Firebird Ignition,Mussel Rock,Walker,,,,,0,10-15,W,,20,5.72,,,,Went north and got lift by the cliffs   Awesome flight.  Beach landed and watched the sunset! ,,,
49,9/14/07,,,Firebird Ignition,Mussel Rock,The Church,,,,,0,13-17,NW,1,20,7.05,,,,"1st top launch at Mussel Rock.  Stayed far out to stay safe.  Pulled big ears a few times to avoid sligh wind gradient.  Took a bunch of pictures on my phone.  Saw the golden gate bridge and watched the sunset over the ocean from the air.  Most amazing flight so far!  Bad landing, overshot LZ and ended up in the thorny bushes.  ",,,
50,9/15/07,,,Firebird Ignition,Mussel Rock,Walker,,,,,0,10,WNW,,10,7.22,,,,Barely enough wind to stay up.  Crossed the canyon and staying level.  Lost altitude on the way back and beach landed.,,,
51,9/15/07,,,Firebird Ignition,Mussel Rock,Walker,,,,,0,12-17,NW,1,0,8.22,,,,Awesome flight!  Went almost to the Stables but turned around to avoid fog.  Wind turned north while up.  Beach landed for fun.  Great views of the bay and the GG bridge!,,,
52,9/15/07,,,Firebird Ignition,Mussel Rock,Lemmings,,,,,0,17-20,NNW,,45,8.97,,,,Watched the sunset again from the sky!  Popped right up at the first bowl and stayed high and far out the whole time.  Vertical landing with full speed bar!  ,,,
53,9/16/07,,,Firebird Ignition,Mussel Rock,Walker,,,,,0,10-15,WNW,2,15,11.22,,,,Beautiful day!  Awesome flight with great winds!  Keith showed up towards the end and shot some video.  Flew almost to Funston and South past the parking lot.  ,,,
54,2/14/08,,,Firebird Ignition,Mussel Rock,Lemmings,,,,,0,5-10,NNW,,1,11.23,,,,Skimming ride almost to the beach.,,,
55,2/16/08,,,Firebird Ignition,Mussel Rock,Walker,,,,,0,10-15,WNW,,45,11.98,,,,"Beautiful flight... 20 or so others in the air.  Landed at sunset, the 3rd last in the air.  Took some nice pics.  Shawn moved into his house on the cliff today!  ",,,
56,4/27/08,,,Firebird Ignition,Half Moon Bay,Beach,0,,Park,30,-30,17-20,W,,3,12.03,,,,The infamous flight,,,
57,6/6/09,,,Firebird Ignition,Mussel Rock,Lemmings,,,,,0,15,W,1,30,13.53,,,,"Toshi called early this afternoon and said conditions were great at the Dumps.  He was right, it was an epic day, super smooth winds and super clear skies.  Got tons of awesome photos!  The view of the city was spectacular!  Great views of the GG bridge.",,,
58,6/6/09,,,Firebird Ignition,Mussel Rock,Lemmings,,,,,0,15,W,,15,13.78,,,,Smooth takeoff.  Touched back at Lemmings.,,,
59,6/6/09,,,Firebird Ignition,Mussel Rock,Lemmings,,,,,0,15,W,,15,14.03,,,,Touch and go.  Great kiting up the trail to Lemmings where I took off again.,,,
60,6/6/09,,,Gin Zulu (DHV 1-2),Mussel Rock,Lemmings,,,,,0,15,W,,10,14.20,,,,Noticed left risers were twisted shortly after takeoff.  Landed to fix it.  Nice spot landing on Lemmings.,,,
61,6/6/09,,,Gin Zulu (DHV 1-2),Mussel Rock,Lemmings,,,,,0,15,W,,25,14.62,,,,Nice flight on Toshi's wing.  Got some great pictures.  Noticed the wing was more stable - harder to crab and more resistant to pitch shift.  Landed in the gravel pit (though I was going for Lemmings),,,
62,6/6/09,,,Firebird Ignition,Mussel Rock,Walker,,,,,0,15,W,,30,15.12,,,,"Finished off the day with a beautiful flight, landing at sunset.  Great landing at the gravel pit.  ",,,
63,6/7/09,,,Firebird Ignition,Mussel Rock,Tomcat,,,,,0,8-13,W,1,0,16.12,,,,Another beautiful day at Pacifica!  First launch from Tomcat.  Landed near Lemmings and saw Arnel for the first time since Half Moon Bay.,,,
64,6/7/09,,,Firebird Ignition,Mussel Rock,Lemmings,,,,,0,10-13,W,1,20,17.45,,,,"Flew down by the Dunes, then back to the Dumps.  Great, long flight.  Tracked with GPS.",,,
65,6/7/09,,,Firebird Ignition,Mussel Rock,Lemmings,,,,,0,10-15,W,,30,17.95,,,,"Flew over to Tomcat, then sunk out on my way back.  Landed near the gravel pit.  Tracked with GPS.",,,
66,6/7/09,,,Firebird Ignition,Mussel Rock,Lemmings,,,,,0,10-15,WNW,,33,18.50,,,,Last one out of the air.  Good landing at the gravel pit.  Watched a spectacular sunset as I walked back to the car.  Tracked with GPS.,,,
67,10/26/15,,,Gin Atlas XS,The Point,South,,,,,0,,,,45,19.25,,,,"Great ridge soaring in the morning, getting back on the saddle. Refresher instruction from Santacroce.",,,
68,10/26/15,,,Gin Atlas XS,The Point,South,,,,,0,,,,2,19.28,,,,Sled ride. Forward launch.,,,
69,10/26/15,,,Gin Atlas XS,The Point,South,,,,,0,,,,1,19.30,,,,Side hill launch and land.,,,
70,10/26/15,,,Gin Atlas XS,The Point,South,,,,,0,,,,1,19.32,,,,Side hill launch and land.,,,
71,10/26/15,,,Gin Atlas XS,The Point,South,,,,,0,,,,1,19.33,,,,Side hill launch and land. Kiting practice on a speed wing in the afternoon.,,,
72,10/26/15,,,Gin Atlas XS,The Point,South,,,"Top, south side",,0,,,,45,20.08,,,,"Great soaring. Crowded. Assisted launch from side hill, at top. Top landing. ",,,
73,10/26/15,,,Gin Atlas XS,The Point,South,,,"Top, south side",,0,,,,15,20.33,,,,Touch and go. Santacroce instructing on radio.,,,
74,10/26/15,,,Gin Atlas XS,The Point,South,,,Bottom,,0,,,,15,20.58,,,,Rougher conditions. Pulled big ears a couple times. Smooth landing at bottom. ,,,
75,11/4/15,3:40 PM,3:45 PM,Gin Atlas XS,Mussel Rock,Tomcat,,,Road,,0,9-12,NW,,5,20.67,,,,First flight in new harness. Smooth launch from Tomcat. Sunk out and landed on road.,,,
76,11/4/15,4:00 PM,4:50 PM,Gin Atlas XS,Mussel Rock,Walker,,,Road,,0,10-15,NW,,50,21.50,650,,,Easy launch from Walker. Picked me up immediately. Really lifty the whole flight. Had to pull big ears a couple times before landing near the gravel pit. Landed cross-wind as I was aiming down the road. Could be improved.,,,
77,11/7/15,3:45 PM,3:47 PM,Gin Atlas XS,Mussel Rock,Walker,,,Beach,,0,3-6,NW,,2,21.53,,,,Sled to the beach. Nice landing at low tide.,,,
78,11/7/15,4:10 PM,4:12 PM,Gin Atlas XS,Mussel Rock,Walker,,,Beach,,0,3-6,NW,,2,21.57,,,,Second sled to the beach. Probably came too close to the bowl for how north the wind was. Better be more careful of rotors.,,,
79,11/8/15,3:30 PM,4:35 PM,Gin Atlas XS,Mussel Rock,Cheetah,,,Beach,,0,10-12 ,W,1,5,22.65,,,,"Smooth winds. Great soaring. Wanted to cross over the death bowl to the Dumps, but decided not to, probably for the best. Pilots flying over the Dumps said it was really shifty there, and Mark got sucked up to +2000', so probably best I dated put. Beach landing. Should have given myself more room, landed close to rocks at south end. ",,,
80,11/11/15,3:10 PM,3:11 PM,Gin Atlas XS,Mussel Rock,Tomcat,,,Road,,0,10,NW,,1,22.67,,,,Glider landed in the bushes. Need to clean out.,,,
81,11/11/15,3:44 PM,3:45 PM,Gin Atlas XS,Mussel Rock,Tomcat,,,Road,,0,7,NW,,1,22.68,,,,Managed to set the wing down in the road. ,,,
82,11/11/15,4:00 PM,4:01 PM,Gin Atlas XS,Mussel Rock,Tomcat,,,Road,,0,7,NW,,1,22.70,,,,Lost altitude during turn. Set wing down in the weeds again.,,,
83,11/11/15,4:19 PM,4:20 PM,Gin Atlas XS,Mussel Rock,Tomcat,,,Road,,0,7,NNW,,1,22.72,,,,"Better landing, kited up the road a ways towards Walker.",,,
84,11/11/15,4:45 PM,4:47 PM,Gin Atlas XS,Mussel Rock,Walker,,,Beach,,0,5-8,NNW,,2,22.75,,,,Quick sled to the beach. Landed just before sunset.,,,
85,11/12/15,2:45 PM,2:46 PM,Gin Atlas XS,Mussel Rock,Tomcat,,,Road,,0,8-11,NNW,,1,22.77,,,,Sledding with Adam.,,,
86,11/12/15,3:01 PM,3:02 PM,Gin Atlas XS,Mussel Rock,Tomcat,,,Road,,0,8-11,NNW,,1,22.78,,,,Sledding with Adam.,,,
87,11/12/15,3:20 PM,3:21 PM,Gin Atlas XS,Mussel Rock,Tomcat,,,Road,,0,8-11,NNW,,1,22.80,,,,"Bad take off. I think I caught a kiter's wake. Held it together and landed on the road, a bit short of the target.",,,
88,11/12/15,3:43 PM,3:45 PM,Gin Atlas XS,Mussel Rock,Lemmings,,,Beach,,0,8-11,NNW,,2,22.83,,,,"Landed on the beach just past Dave, who was flying a tandem. Oh, yeah. ",,,
89,11/12/15,4:18 PM,4:20 PM,Gin Atlas XS,Mussel Rock,Walker,,,Beach,,0,8-11,NNW,,2,22.87,,,,"Rough kiting, then smooth sledder to the beach.",,,
90,11/12/15,4:48 PM,4:50 PM,Gin Atlas XS,Mussel Rock,Walker,,,Beach,,0,8-11,NNW,,2,22.90,,,,"Adam passed me on the outside, just a bit lower than me as we were approaching landing on the beach. Landed right next to him. Packed up just before sunset. Pretty awesome for an afternoon of sledding.",,,
91,11/14/15,1:55 PM,3:00 PM,Gin Atlas XS,Mussel Rock,Walker,,,Lemmings,,0,6-9,W,1,5,23.98,,,,"Kited to the top of Walker, took off and worked the cliffs to the north until I was soaring way up at the level of the highest cliff. Super smooth soaring. Snapped a few photos. Wanted to try a top landing at Walker, but wind looked too South. Good landing a bit cross-wind, just below Lemmings. ",,,
92,11/14/15,3:45 PM,4:05 PM,Gin Atlas XS,Mussel Rock,Coyote,,,Lemmings,,0,5-8,WSW,,20,24.32,,,,First time launching from Coyote. Bad kiting on first try; smooth launch on second. Caught plenty of lift by the cliffs to the north. I was the last to stay up. Came in a bit low and landed below lemmings. Met up with Annie and the watched the sunset on the beach with her. Good day.,,,
93,11/17/15,4:30 PM,4:32 PM,Gin Atlas XS,Mussel Rock,Tomcat,,,Gravel pit,,0,10-15,NW,,2,24.35,,,,Got picked and almost pushed back. Late putting on speed bar. Got bounced around quite a bit. Had to pull big ears to land. Got lucky and touched down softly in the ice plants. ,,,
94,11/21/15,9:40 AM,9:42 AM,Gin Atlas XS,Ed Levin,300',,,Bull's eye,,0,2,SW,,2,24.38,,,,Smooth launch in no wind. Landed near bull's eye.,,0.3666666667,
95,11/21/15,10:20 AM,10:24 AM,Gin Atlas XS,Ed Levin,600',,,Bull's eye,,0,2,SW,,4,24.45,,,,First flight from 600'. Smooth launch. Landed near bull's eye. ,,,
96,11/21/15,10:43 AM,10:47 AM,Gin Atlas XS,Ed Levin,600',,,LZ,,0,2,SW,,4,24.52,,,,Landed away from bull's eye to avoid another paraglider coming in. Ran and kited all the way to the road.,,,
97,11/21/15,11:36 AM,11:42 AM,Gin Atlas XS,Ed Levin,600',,,LZ,,0,5,SW,,6,24.62,,,,"Deflated on first launch attempt. Second attempt successful but could have been smoother. Caught some thermals, longest flight yet at Ed. ",,,
98,11/21/15,12:21 PM,12:27 PM,Gin Atlas XS,Ed Levin,600',,,LZ,,0,5,SW,,6,24.72,,,,"Deflated again on first attempt. Need to keep moving forward to correct. Good flight, caught some lift near 300' launch. Good landing a bit short of the circle.",,,
99,12/12/15,2:00 PM,2:01 PM,Gin Atlas XS,Mussel Rock,Walker,,,Gravel pit,,0,7-8,WNW,,1,24.73,,,,"Sledder to the gravel pit. Maybe could have stayed up, but there was no beach. ",,,
100,12/12/15,2:15 PM,3:45 PM,Gin Atlas XS,Mussel Rock,Walker,,,Gravel pit,,0,8-12,WNW,1,30,26.23,,,,"Best flight in my new rig. Easy soaring, all the way past the stables, to the pylons. Really lifty when I landed at the gravel pit. Did some extra S turns and did a perfect spot landing.",,,
101,1/16/16,10:00 AM,10:04 AM,Gin Atlas XS,"Haleakala, Maui",Echoes,4600,NE,lz,3500,1100,2-3,W,,4,26.30,,,,"First flight from training hill, and first flight with my new GoPro Session. Site intro from Vin. Forward launch, very smooth. Caught some good lift on the way down. Subj pretty quick before landing. Good flare. Landed in the tall grass. ",https://youtu.be/idm07GoeCQs,1.05,
102,1/16/16,11:00 AM,11:04 AM,Gin Atlas XS,"Haleakala, Maui",Echoes,4600,NE,lz,3500,1100,2-3,W,,4,26.37,,,,"Smooth forward launch. Didn't catch much lift until I was close to the LZ. Fairly bumpy there. Came pretty close to the trees on the last turn. Turned out fine, landing in the mowed grass.",https://youtu.be/C9mVOvJ1EF8,,
103,1/17/16,10:47 AM,11:00 AM,Gin Atlas XS,"Haleakala, Maui",Ferns,6500,NE,lz,3500,3000,2-3,NW,,13,26.58,,,,,,,
104,1/17/16,11:23 AM,11:37 AM,Gin Atlas XS,"Haleakala, Maui",Ferns,6500,NE,lz,3500,3000,2-3,NW,,14,26.82,,,,,,,
105,1/18/16,10:10 AM,10:11 AM,Gin Atlas XS,"Haleakala, Maui",Ferns,6500,NE,Ferns,3500,3000,1-3,NW,,1,26.83,,,,"Aborted launch. Sat back way too early when I should have kept running. Brushed the flag on way down. Soft touchdown, luckily.",,,
106,1/18/16,10:15 AM,,Gin Atlas XS,"Haleakala, Maui",Ferns,6500,NE,lz,3500,3000,2-3,NW,,11,27.02,,,,"Launch went well. Had trouble finding any thermals. No wind at lz. Sunk really quick on landing and ended up biffing it face first in the tall grass. Hurt my wrist a bit, but mostly just hurt my ego.",,,
107,1/18/16,11:34 AM,11:50 AM,Gin Atlas XS,"Haleakala, Maui",Ferns,6500,NE,lz,3500,3000,2-3,NW,,16,27.28,,,,"Excellent flight, probably the best here so far. Caught some good thermals and stayed up for a while. Fairly turbulent and clouds were forming, so I pulled big ears to come down. Soft landing, overshot by a bit.",,,
108,1/24/16,1:40 PM,1:43 PM,Gin Atlas XS,Mussel Rock,Walker,,,Saddle,,0,5-7,W,,3,27.33,,,,"Maybe could have stayed up, but no beach, so landed in the Saddle.",,,
109,1/24/16,2:03 PM,3:10 PM,Gin Atlas XS,Mussel Rock,Coyote,,,Lemmings,,0,7-10,WNW,1,7,28.45,,,,Good moderate wind launch from Coyote. Flew all the way past Fort Funston for the first time. Got cold and landed at Lemmings after overshooting the first time.,,,
110,1/24/16,4:00 PM,5:00 PM,Gin Atlas XS,Mussel Rock,Lemmings,,,Saddle,,0,8-12,WNW,1,0,29.45,,,,"Rough kiting at Lemmings before giving up, inflating at the Saddle, kiting up to Lemmings for launch. Really lifty. Flew past Funston again. Monica showed up while I was in the air. Overshot the landing a couple times. Good spot landing on third try. Made out with Monica after landing. ",,,
111,1/30/16,,,Gin Atlas XS,Mussel Rock,Lemmings,,,Saddle,,0,12-16,WNW,,12,29.65,,,,,,,
112,1/30/16,,,Gin Atlas XS,Mussel Rock,Lemmings,,,Saddle,,0,12-16,WNW,,8,29.78,,,,,,,
113,1/30/16,,,Gin Atlas XS,Mussel Rock,Lemmings,,,Saddle,,0,12-16,WNW,,32,30.32,,,,,,,
114,1/30/16,,,Gin Atlas XS,Mussel Rock,Lemmings,,,Saddle,,0,12-16,WNW,,25,30.73,,,,,,,
115,1/30/16,4:53 PM,5:00 PM,Gin Atlas XS,Mussel Rock,Lemmings,,,Gravel pit,,0,12-16,WNW,,7,30.85,,,,,,,
116,2/14/16,11:08 AM,,Gin Atlas XS,"Tapalpa, MX",Gravidad Zero,6950,E,Primary LZ,4365,2585,,ENE,,9,31.00,6934,0,2.5,Good low wind reverse launch. Sledder to the LZ.,,8.5,
117,2/14/16,1:03 PM,,Gin Atlas XS,"Tapalpa, MX",Gravidad Zero,6950,E,Primary LZ,4365,2585,,ENE,1,15,32.25,7913,952,2.5,"Need to work on checking glider during launch. Third try good launch. Caught good thermals for a nice long flight. Started to spiral a couple times. Hands up, recovered well. Good landing, set up perfectly.",,,
118,2/14/16,4:01 PM,,Gin Atlas XS,"Tapalpa, MX",Gravidad Zero,6950,E,Primary LZ,4365,2585,,ENE,,31,32.77,7150,115,2.5,Was about to come in when I caught a good thermal and got way up 100' above launch. Nice smooth turns in the thermals. Great flight. Great landing. Harry met me at the LZ with an ice cold beer. Aaahhh.,,,
119,2/15/16,11:34 AM,11:56 AM,Gin Atlas XS,"Tapalpa, MX",Gravidad Zero,6950,E,Primary LZ,4365,2585,,ENE,,22,33.13,7291,277,2.5,Great flight to start the day. Caught good lift at the beginning then lost the thermal. Really smooth landing just a bit short of the corner of the field.,,,
120,2/15/16,2:05 PM,,Gin Atlas XS,"Tapalpa, MX",Gravidad Zero,6950,E,Primary LZ,4365,2585,,,1,57,35.08,9434,2357,2.5,Probably my best flight yet. Super good thermals. Got past 9k' probably 3 times. Adam meet me at LZ with a beer. What a good day.,,,
121,2/16/16,12:20 PM,,Gin Atlas XS,"Tapalpa, MX",Gravidad Zero,6950,E,Primary LZ,4365,2585,,,,20,35.42,6950,0,2.5,Sledder to LZ. Smooth landing. Nice way to start the day.,,,
122,2/16/16,1:42 PM,,Gin Atlas XS,"Tapalpa, MX",Gravidad Zero,6996,E,Pasture on the way to Los Espinosa,,6996,,,1,11,36.60,10345,3349,6.1,"Most epic yet. Watched Adam take an asymmetric frontal collapse, recover like a boss, and then go on to ride a thermal way up above launch. I wasn't getting much lift, so I followed Adam and finally got back above launch. More thermals right above the ridge. Worked them up to 9,100' then headed out towards Frontera. Caught really good thermal above brown fields, rode it to 10,345â€™ then headed on towards Tapalpa. Hit a lot of sink over Frontera and (I found out later) took a wrong turn while trying to stay over the open fields, started heading toward Los Espinos. Set up a landing but then caught another thermal which I rode up about 1,000' and headed on a bit further before sinking out. Set up landing into the wind, avoiding barbed wire fences. S turns over a building in construction then touched down in a pasture by the road to Los Espinos. Hitchhiked back to Tapalpa.",,,
123,2/17/16,12:30 PM,,Gin Atlas XS,"Colima, MX",La Cumbre,2535,SW,El piano,1735,800,5-7,SW,,39,37.25,3428,893,1.3,"Still rough on launch. Caught good thermals to almost 900' above launch. Wanted to get higher before trying for the soccer field, but sunk out. Caught a couple more thermals but couldn't regain altitude. Really smooth moderate wind landing at the piano, right next to Adam. ",,,
124,2/18/16,12:40 PM,,Gin Atlas XS,"Tapalpa, MX",Gravidad Zero,6852,E,Brambles/Mesquite/Tecojote,,6852,,NE,,32,37.78,6881,28,1.9,"Maintained altitude for a while working the thermals down low. Ventured out over the fields to find a stronger one but hit a bunch of sink instead. Tried to work some small thermals when I was way too low. Realized I want going to be able to clear the first power lines and it didn't seem like I'd be able to reach the alternate LZ, so I had to pick a spot in a relatively clear area. Had light headwind and small thermals kept lifting me up, and I also realized later that the terrain was sloping downward so I was probably going to overshot the clearing and run into a stable, so I made a last second 180 turn. Was almost through the turn when I hit the ground, just a few feet from a big rock, and then my canopy draped over the top of two mesquite thorn trees. Somehow I only got a small scratch on my ankle during impact and a couple on my hands while retrieving my wing and only a tiny, less than a quarter inch tear at the trailing edge of my wing. Miguel and Jose arrived with a hand saw and helped me finish pulling my wing out of the thorns. Bought everyone lunch in Sayula.",,,
125,2/19/16,11:35 AM,,Gin Atlas XS,"Tapalpa, MX",Gravidad Zero,6833,E,Primary LZ,4365,2468,2-3,ENE,,23,38.17,6872,39,2.8,"Smooth takeoff on second attempt. Thermals were kinda rough, barely sufficient to maintain altitude. Hoped to catch some thermals over the fields, but it was super smooth instead. Enjoyed the view and checked out yesterday's landing area as I coasted down to the LZ. Super smooth landing, ran the wing all the way to the corner. Had a nice conversation with a worker who saw me land and came over to ask about it. ",,,
126,2/19/16,3:02 PM,,Gin Atlas XS,"Tapalpa, MX",Gravidad Zero,6933,E,Primary LZ,4365,2568,2-3,ENE,,55,39.08,8962,2029,2.8,"Great flight! Hit lots of sink until I was past the knobs. Caught one good thermal that took me all the way up to 8900'. Couldn't get high enough to decide to go past the ridge. Lots of sink as I went back out to where Adam was riding a thermal going up fast. Rode it up to about 7000' but couldn't find another thermal and I noticed there was a strong headwind going towards the LZ, so I started that way. Got good video from above of Adam landing as I coasted down in smooth wind. Gusty and thermic close to the ground, but had a really smooth landing and kitted to the corner. A truck full of workers cheered me on as I let the wing down. Oh yeah.",,,
127,2/20/16,12:34 PM,,Gin Atlas XS,"Tapalpa, MX",Gravidad Zero,6902,E,Primary LZ,4365,2537,1-2,ENE,,16,39.35,6902,0,2.8,Great sledder to wrap up Mexico. Nice controlled low wind launch. Couldn't quite stay in the thermals so I coasted in smooth air down to the piano. Watched Adam land then touched down and kited over to the corner. Hitched a ride with Alfonso back to Guadalajara.,,,
128,3/18/16,3:50 PM,4:25 PM,Gin Atlas XS,Mussel Rock,Walker,,,Saddle,,0,10-12,W,,35,39.93,,,,Easy up from Walker. Super smooth air. Flew up to the stables and south past the death bowl. Lots of S turns behind the gravel pit before landing in the saddle. ,,,
129,3/18/16,4:50 PM,5:25 PM,Gin Atlas XS,Mussel Rock,Lemmings,,,Saddle,,0,12-14,W,,35,40.52,,,,Good launch from Lemmings. Super smooth and lifty. Nice set up and landing with controlled kiting in the saddle. ,,,
130,3/18/16,5:50 PM,6:25 PM,Gin Atlas XS,Mussel Rock,Lemmings,,,Gravel pit,,0,12-14,W,,35,41.10,,,,"Kited up from the saddle. Practiced big ears a couple times, caught it on video. Did a really nice touch and go on Lemmings. Set up landing really well in the gravel pit. Gorgeous day!",,,
131,3/29/16,5:00 PM,5:01 PM,Gin Atlas XS,Mussel Rock,Walker,,,Saddle,,0,5-8,WNW,,1,41.12,,,,"Lots of low-wind kiting practice in the gravel pit, then a sledder from Walker. ",,,
132,3/29/16,5:30 PM,5:31 PM,Gin Atlas XS,Mussel Rock,Walker,,,Saddle,,0,5-8,WNW,,1,41.13,,,,Another sledder from Walker.,,,
133,4/2/16,11:10 AM,11:12 AM,Gin Atlas XS,Ed Levin,600',,,LZ,,0,,,,2,41.17,,,,Joe in town. Spot landing competition. Overshot landing by several yards.,,,
134,4/2/16,1:00 PM,1:02 PM,Gin Atlas XS,Ed Levin,600',,,,,0,,,,2,41.20,,,,Hiked up to 600'. Landed short and kited over to bulls eye.,,,
135,4/2/16,6:20 PM,6:50 PM,Gin Atlas XS,Mussel Rock,Walker,,,Gravel pit,,0,,,,30,41.70,,,,Good flight while Joe waited by the water. Got pretty cold and foggy so I landed early and practiced some kiting.,,,
136,4/21/16,7:00 PM,7:40 PM,Gin Atlas XS,Mussel Rock,Cheetah,,,Beach,,0,12-15,SSW,,40,42.37,,,,Smooth soaring over Cheetah. Attempted top landing a couple times but came in too high. Gave up and landed on the beach.,,,
137,4/23/16,12:05 PM,12:30 PM,Gin Atlas XS,Mussel Rock,Walker,,,Lemmings,,0,10-12,W,,25,42.78,,,,"Smooth launch, good soaring past the stables. Perfect spot landing at lemmings.",,,
138,4/23/16,1:10 PM,2:00 PM,Gin Atlas XS,Mussel Rock,Walker,,,Gravel pit,,0,13-17,WNW,,50,43.62,,,,"Good kiting practice at lemmings. Rough aborted launches before taking off at Walker. Super lifty. Got way up, good views of SFO and GG Bridge. Had to use big ears to cone down. Good spot landing in the gravel pit.",,,
139,4/30/16,8:42 AM,8:45 AM,Gin Atlas XS,"Haleakala, Maui",Echoes,4600,NE,lz,3500,1100,1,-,,3,43.67,,,,"Good launch, smooth landing. Nice quick sledder in paradise.",,0.4666666667,37.2
140,5/1/16,8:20 AM,8:30 AM,Gin Atlas XS,"Haleakala, Maui",Ferns,6500,NE,lz,3500,3000,0,-,,10,43.83,,,,"Monica went tandem with Dexter. No wind at launch, barely cleared the trees. Pretty thick clouds, had to pull big ears to stay underneath them. Caught a good shot of my shadow surrounded by a rainbow (glory). Good landing just past the mowed grass.",,,
141,5/1/16,8:55 AM,9:00 AM,Gin Atlas XS,"Haleakala, Maui",Echoes,4600,NE,lz,3500,1100,1,,,5,43.92,,,,Good launch. Good lift. Nice landing just past the mowed grass.,,,
142,5/1/16,9:24 AM,9:30 AM,Gin Atlas XS,"Haleakala, Maui",Echoes,4600,NE,lz,3500,1100,1,,,6,44.02,,,,Smooth launch. Pretty foggy. Caught some good thermals and stayed up pretty good. Synchronized thermaling a bit with Sam the kitesurfer. Smooth landing in the mowed grass.,,,
143,5/1/16,8:56 AM,9:00 AM,Gin Atlas XS,"Haleakala, Maui",Echoes,4600,NE,lz,3500,1100,1,,,4,44.08,,,,"Smooth launch. Overshot landing a bit, but landed smooth.",,,
144,5/3/16,5:00 PM,5:35 PM,Gin Atlas XS,Mussel Rock,Coyote,,,Gravel pit/saddle,,0,,,,35,44.67,,,,"Second to launch on a light day. Wind was forecast for 12 mph W, but was SW at launch, so I launched from Coyote with a guy who was bicycling to Alaska from Florida with a super lightweight paraglider. Worked my way up soaring between Walker and Coyote until I had enough altitude to get to the cliffs and soar. Cold, decided to land to put on a jacket. No-wind at LZ. Landed somewhere between the saddle and the gravel pit. Might have laid my wing down in poison oak at launch. :/ ",,,
145,5/3/16,6:40 PM,7:00 PM,Gin Atlas XS,Mussel Rock,Coyote,,,Gravel pit,,0,,,,20,45.00,,,,"Smooth launch from Coyote. Pretty dense fog just below the cliff level, so tried to stay right below it. 2nd jacket barely kept me warm enough. Really smooth landing in the gravel pit. Kited for a while in light wind before packing it up.",,,
146,5/7/16,,,Gin Atlas XS,Mussel Rock,Cheetah,,,Beach,,0,10,SSW,,26,45.43,,,1,"First costal XC flight! Flew to Chit Chat Cafe and back to Cheetah. Ridge soared the cliffs south of Cheetah for a while, practicing stabilizing a pendulum with just weight shift after the turn. Flew back to the cafe and sunk out to the beach. Joel have me a ride back to Cheetah.",,,
147,5/7/16,,,Gin Atlas XS,Mussel Rock,Cheetah,,,Beach,,0,8,SSW,,17,45.72,,,,"Smooth launch, soared for a bit before sinking out and beach landing below Cheetah. https://youtu.be/JuHvqLU_ppM",,,
148,5/8/16,2:05 PM,2:50 PM,Gin Atlas XS,Mussel Rock,Walker,,,Lemmings,,0,8-9,W,,45,46.47,,,,Kiting practice. Kited up to the Walker perch and flew ask the way to Funston. Really smooth and lifty. Great spot landing at Lemmings.,,,
149,5/8/16,3:20 PM,3:47 PM,Gin Atlas XS,Mussel Rock,Lemmings,,,Lemmings,,0,7-8,WNW,,27,46.92,,,,Good launch from Lemmings. Worked my way up in the bowl until I got above the cliffs. Skimmed by Lemmings and did it again. Landed just a bit short and kited to Lemmings.,,,
150,5/8/16,3:55 PM,4:13 PM,Gin Atlas XS,Mussel Rock,Lemmings,,,Lemmings,,0,7-8,WNW,,18,47.22,,,,Another launch from Lemmings. Good kiting before a smooth launch. Worked my way up then practiced some light wingovers before landing again at Lemmings.,,,
151,5/8/16,4:40 PM,5:00 PM,Gin Atlas XS,Mussel Rock,Lemmings,,,Lemmings,,0,7-8,WNW,,20,47.55,,,,Keith got vieo of takeoff and touch and go at Lemmings. Practiced S-turns getting the feel for wingover timing.,,,
152,5/8/16,5:00 PM,5:07 PM,Gin Atlas XS,Mussel Rock,Lemmings,,,Lemmings oak,,0,7-8,WNW,,7,47.67,,,,Perfect spot landing at Lemmings.,,,
153,5/8/16,5:20 PM,5:48 PM,Gin Atlas XS,Mussel Rock,Lemmings,,,Lemmings,,0,8-10,WNW,,28,48.13,,,,Great flight. More practice getting the feel for wingover timing. ,,,
154,5/8/16,5:58 PM,6:07 PM,Gin Atlas XS,Mussel Rock,Lemmings,,,Lemmings,,0,8-10,WNW,,9,48.28,,,,,,,
155,5/8/16,6:07 PM,6:17 PM,Gin Atlas XS,Mussel Rock,Lemmings,,,Lemmings,,0,8-10,WNW,,10,48.45,,,,Touch and go at Lemmings,,,
156,5/8/16,6:25 PM,6:32 PM,Gin Atlas XS,Mussel Rock,Lemmings,,,Lemmings,,0,,,,7,48.57,,,,,,,
157,5/8/16,6:36 PM,6:41 PM,Gin Atlas XS,Mussel Rock,Lemmings,,,Lemmings,,0,,,,5,48.65,,,,,,,
158,5/8/16,6:55 PM,7:01 PM,Gin Atlas XS,Mussel Rock,Lemmings,,,Lemmings,,0,,,,6,48.75,,,,,,,
159,5/8/16,7:01 PM,7:06 PM,Gin Atlas XS,Mussel Rock,Lemmings,,,Lemmings,,0,,,,5,48.83,,,,,,,
160,5/8/16,7:06 PM,7:24 PM,Gin Atlas XS,Mussel Rock,Lemmings,,,Gravel pit.,,0,,,,18,49.13,,,,"Touch and go at Lemmings, then got way up high and took some great pictures. Smooth spot landing in the gravel pit.",,,
161,5/9/16,6:44 PM,7:39 PM,Gin Atlas XS,Mussel Rock,Cheetah,,,Cheetah,,0,10-12,WSW,,55,50.05,,,,"Smooth takeoff from Cheetah. Flew north, caught lift over Walker and the big cliffs. Came back to Cheetah and practiced setting up top landing for about a half hour before top landing behind the death bowl. :/",,,
162,5/10/16,4:40 PM,4:55 PM,Gin Atlas XS,Mussel Rock,Lemmings,,,Saddle,,0,10,SW,,15,50.30,,,,,,,
163,5/10/16,5:53 PM,6:05 PM,Gin Atlas XS,Mussel Rock,Lemmings,,,Lemmings,,0,10,SW,,12,50.50,,,,,,,
164,5/10/16,6:30 PM,6:45 PM,Gin Atlas XS,Mussel Rock,Lemmings,,,Chit Chat,,0,10,WSW,,15,50.75,,,1.5,XC from Lemmings to a safe top landing at Chit Chat.,,,
165,5/10/16,7:10 PM,7:25 PM,Gin Atlas XS,Mussel Rock,Chit Chat,,,Cheetah,,0,9,SW,,15,51.00,,,1,"XC from Chit Chat. Light wind, but enough to stay up and get back to Cheetah. Sketchy top landing. Happy for soft ice plant.",,,
166,5/11/16,5:35 PM,6:00 PM,Gin Atlas XS,Mussel Rock,Cheetah,,,Chit Chat,,0,8-10,WSW,,25,51.42,,,1,XC to Chit Chat from Cheetah. Top landed and grabbed a chai latte at the cafe. ,,,
167,5/11/16,6:25 PM,6:40 PM,Gin Atlas XS,Mussel Rock,Chit Chat,,,Cheetah,,0,8,WSW,,15,51.67,,,1,XC from Chit Chat back for a top landing at Cheetah. Landed right on the carpet where I had launched. :),,,
168,5/12/16,3:37 PM,3:58 PM,Gin Atlas XS,Mussel Rock,Cheetah,,,Lemmings,,0,8-10,W,,21,52.02,,,,Smooth flight from Cheetah to Lemmings. ,,,
169,5/12/16,4:02 PM,4:34 PM,Gin Atlas XS,Mussel Rock,Lemmings,,,Chit Chat,,0,8-10,W,,32,52.55,,,1.5,XC from Lemmings to Chit Chat after first flying north past the stables. Got a lox bagel after a good top landing.,,,
170,5/12/16,5:10 PM,5:22 PM,Gin Atlas XS,Mussel Rock,Chit Chat,,,Lemmings,,0,8-10,W,,12,52.75,,,1.5,Good launch from Chit Chat after chatting with some interested bystanders. Flew north for a good spot landing at Lemmings. ,,,
171,5/12/16,5:30 PM,5:50 PM,Gin Atlas XS,Mussel Rock,Lemmings,,,Lemmings,,0,8-10,W,,20,53.08,,,,Good flight from Lemmings. Lots of lift in front of Coyote. ,,,
172,5/12/16,6:10 PM,6:22 PM,Gin Atlas XS,Mussel Rock,Lemmings,,,Lemmings,,0,,,,12,53.28,,,,Took a while to figure out the approach to land at Lemmings. ,,,
173,5/12/16,6:22 PM,6:26 PM,Gin Atlas XS,Mussel Rock,Lemmings,,,Saddle,,0,,,,4,53.35,,,,"Landed in the saddle, then kited smoothly up to Lemmings for a smooth launch. Landed in the saddle again and kited again back up to Lemmings. ",,,
174,5/12/16,6:28 PM,6:36 PM,Gin Atlas XS,Mussel Rock,Lemmings,,,Lemmings,,0,,,,8,53.48,,,,Good launch from Lemmings. Worked my way up in front of the north bowl then took a couple tries to land back at Lemmings.,,,
175,5/12/16,6:40 PM,7:05 PM,Gin Atlas XS,Mussel Rock,Lemmings,,,Cheetah,,0,10-15,WSW,,25,53.90,,,,"Good launch from Lemmings. Got lots of altitude in front of Coyote, then flew south to Chit Chat, then back to Cheetah for a good top spot landing. I felt the 17mph gust shown on KCADALYC1 just after I landed at 7:05 and thought, ""wow, glad I landed already.""",,,
176,5/13/16,2:16 PM,2:17 PM,Gin Atlas XS,Mussel Rock,Tomcat,,,Hill below saddle,,0,,,,1,53.92,,,,Sunk out trying to get to lemmings from tomcat. Skimmed my butt on the road before landing in the ice plant.,,,
177,5/13/16,2:21 PM,3:27 PM,Gin Atlas XS,Mussel Rock,Lemmings,,,Lemmings,,0,10,W,1,6,55.02,,,,"Flew north past Fort Funston then flew south all the way past the apartments almost to Chit Chat. The crane was out working, so I couldn't pass. Doubled back to Mussel Rock, got up above the cliffs again, practiced S turns to come down. Skimmed over Lemmings twice before a successful landing. ",,,
178,5/13/16,4:08 PM,4:30 PM,Gin Atlas XS,Mussel Rock,Lemmings,,,Lemmings,,0,14-16,WNW,,22,55.38,,,,,,,
179,5/13/16,4:55 PM,5:10 PM,Gin Atlas XS,Mussel Rock,Lemmings,,,Lemmings,,0,14-16,WNW,,15,55.63,,,,,,,
180,5/13/16,5:25 PM,5:45 PM,Gin Atlas XS,Mussel Rock,Lemmings,,,Chit Chat,,0,14-16,W,,20,55.97,,,,,,,
181,5/13/16,6:20 PM,6:50 PM,Gin Atlas XS,Mussel Rock,Chit Chat,,,Gravel pit.,,0,14-16,W,,30,56.47,,,,,,,
182,5/13/16,7:00 PM,7:20 PM,Gin Atlas XS,Mussel Rock,Gravel pit.,,,Lemmings,,0,10-12,W,,20,56.80,,,,,,,
183,5/13/16,7:20 PM,7:35 PM,Gin Atlas XS,Mussel Rock,Lemmings,,,Gravel pit.,,0,10-12,W,,15,57.05,,,,,,,
184,5/14/16,5:30 PM,5:33 PM,Gin Atlas XS,Mussel Rock,Coyote,,,Road way below Lemmings,,0,,,,3,57.10,,,,,,,
185,5/14/16,6:23 PM,6:41 PM,Gin Atlas XS,Mussel Rock,Cheetah,,,Beach,,0,,,,18,57.40,,,,,,,
186,5/17/16,5:56 PM,5:57 PM,Gin Atlas XS,Mussel Rock,Coyote,,,Saddle,,0,,,,1,57.42,,,,,,,
187,5/17/16,7:00 PM,7:02 PM,Gin Atlas XS,Mussel Rock,Coyote,,,Saddle,,0,,,,2,57.45,,,,,,,
188,5/22/16,3:10 PM,3:37 PM,Gin Atlas XS,Mussel Rock,Walker,,,Lemmings,,0,8-10,W,,27,57.90,,,,Somewhat hasty launch. Flew north almost to Funston. Landed just a bit short of Lemmings and kited the rest of the way.,,,
189,5/22/16,4:10 PM,4:25 PM,Gin Atlas XS,Mussel Rock,Lemmings,,,Gravel pit,,0,10-12,W,,15,58.15,,,,,,,
190,5/22/16,5:40 PM,5:42 PM,Gin Atlas XS,Mussel Rock,Tomcat,,,Saddle,,0,6-11,,,2,58.18,,,,,,,
191,5/22/16,5:45 PM,6:06 PM,Gin Atlas XS,Mussel Rock,Lemmings,,,Lemmings,,0,9-12,,,21,58.53,,,,,,,
192,5/22/16,6:15 PM,6:28 PM,Gin Atlas XS,Mussel Rock,Lemmings,,,Lemmings,,0,7-11,,,13,58.75,,,,,,,
193,5/22/16,6:45 PM,6:55 PM,Gin Atlas XS,Mussel Rock,Lemmings,,,Lemmings,,0,7-11,,,10,58.92,,,,Nice smooth launch from above Lemmings after kiting up to the perch. Barely able to stay up. Good spot landing.,,,
194,5/22/16,7:10 PM,7:50 PM,Gin Atlas XS,Mussel Rock,Walker,,,Fence above Tomcat,,0,6-10,,,40,59.58,,,,"Winds died down and most pilots landed, but I launched from Walker, stayed up and enjoyed having the sky to myself. Watched someone trying to hike up the bowl below the church. Kept an eye on the person, wondering if I should call for help, until they backtracked and found the trail. Good spot landing by the fence above Tomcat.",,,
195,6/5/16,3:01 PM,3:05 PM,Gin Atlas XS,Mussel Rock,Cheetah,,,Beach,,0,6-8,WSW,,4,59.65,,,,,,,
196,6/5/16,4:23 PM,4:43 PM,Gin Atlas XS,Mussel Rock,Cheetah,,,Chit Chat,,0,,WSW,,20,59.98,,,,,,,
197,6/5/16,5:03 PM,5:23 PM,Gin Atlas XS,Mussel Rock,Chit Chat,,,Chit Chat,,0,,WSW,,20,60.32,,,,,,,
198,6/5/16,5:40 PM,6:20 PM,Gin Atlas XS,Mussel Rock,Chit Chat,,,Chit Chat,,0,10-13,WSW,,40,60.98,,,,"Brakes were wrapped in lines on takeoff. Steered with brake line until I had enough altitude to sort it out. Good flight soaring around Cheetah for a bit, then back to Chit Chat for a good top spot landing.",,,
199,6/5/16,6:45 PM,6:55 PM,Gin Atlas XS,Mussel Rock,Chit Chat,,,Chit Chat,,0,,WSW,,10,61.15,,,,Soared around Chit Chat. Lots of fun kiting on landing. ,,,
200,6/5/16,6:05 PM,6:12 PM,Gin Atlas XS,Mussel Rock,Chit Chat,,,Chit Chat,,0,,WSW,,7,61.27,,,,,,,
201,6/5/16,7:20 PM,7:55 PM,Gin Atlas XS,Mussel Rock,Chit Chat,,,"Top, south of Cheetah",,0,12-15,WSW,,35,61.85,,,,Fog just above cliff level. Several attempts to top land Cheetah. Too strong. Top landed in rotor zone on the dunes south of the canyon. Laid the wing down in poison oak again. Doh!,,,
202,6/6/16,4:55 PM,5:16 PM,Gin Atlas XS,Mussel Rock,Cheetah,,,Chit Chat,,0,10-14,WSW,,21,62.20,,,,"Good launch from Cheetah. Flew to Chit Chat and back, then back for a good high-wind top landing at Chit Chat. ",,,
203,6/6/16,5:55 PM,6:15 PM,Gin Atlas XS,Mussel Rock,Chit Chat,,,Cheetah,,0,,,,20,62.53,,,,Good top landing at Cheetah. ,,,
204,6/6/16,6:35 PM,7:06 PM,Gin Atlas XS,Mussel Rock,Cheetah,,,Chit Chat,,0,,,,31,63.05,,,,,,,
205,6/6/16,7:12 PM,7:37 PM,Gin Atlas XS,Mussel Rock,Chit Chat,,,Gravel Pit,,0,12-16,SW,,25,63.47,,,,"Too strong to top land at Cheetah. Crossed over, flew around the big cliffs past Avalon Canyon for a bit. Got sucked up into the fog by the church. Pulled big ears to come down under the fog. Had to use speed bar to get back to the gravel pit. ",,,
206,6/7/16,5:53 PM,6:25 PM,Gin Atlas XS,Mussel Rock,Cheetah,,,Chit Chat,,0,10-15,WSW,,32,64.00,,,,,,,
207,6/7/16,7:07 PM,7:32 PM,Gin Atlas XS,Mussel Rock,Chit Chat,,,Cheetah,,0,,,,25,64.42,,,,,,,
208,6/7/16,7:47 PM,8:00 PM,Gin Atlas XS,Mussel Rock,Cheetah,,,Cheetah,,0,12-15,WSW,,13,64.63,,,,Strong wind at launch on the perch just south of where I usually do. Practiced top-landing approaches at Cheetah and finished with a smooth landing. ,,,
209,6/8/16,5:25 PM,5:49 PM,Gin Atlas XS,Mussel Rock,Tomcat,,,Lemmings,,0,11-14,W,,24,65.03,,,,,,,
210,6/8/16,6:18 PM,6:25 PM,Gin Atlas XS,Mussel Rock,Lemmings,,,Lemmings,,0,,,,7,65.15,,,,,,,
211,6/8/16,6:25 PM,6:50 PM,Gin Atlas XS,Mussel Rock,Lemmings,,,Lemmings,,0,,,,25,65.57,,,,Touch and go at Lemmings.,,,
212,6/8/16,6:50 PM,6:58 PM,Gin Atlas XS,Mussel Rock,Lemmings,,,Lemmings,,0,,,,8,65.70,,,,Touch and go at Lemmings.,,,
213,6/8/16,6:58 PM,7:02 PM,Gin Atlas XS,Mussel Rock,Lemmings,,,Lemmings,,0,,,,4,65.77,,,,Touch and go at Lemmings.,,,
214,6/8/16,7:02 PM,7:32 PM,Gin Atlas XS,Mussel Rock,Lemmings,,,Tomcat,,0,,,,30,66.27,,,,Touch and go at Lemmings. Finally nailed the top landing at Tomcat.,,,
215,6/8/16,7:50 PM,8:05 PM,Gin Atlas XS,Mussel Rock,Tomcat,,,Gravel Pit,,0,,,,15,66.52,,,,"Rough launch, but kept it together and made it work. Last one to land as the fog started to get lower. ",,,
216,6/12/16,11:54 AM,12:16 PM,Gin Atlas XS,Potato Hill,Astroturf,3300,NE,LZ,1700,1600,15,NE,,22,66.88,3525,225,1.3,"Met Gever by the road at the LZ. He gave me a ride up to launch and gave me a good site intro. Rather windy, made it difficult to make it to the LZ. Maintained altitude thermaling for a bit. Was difficult to stay in the thermals because I would drift so much in the turns. Felt somewhat rowdy, though other pilots said it felt pretty smooth considering the wind. Came up short on the landing approach, realized there was a fence between me and my target and I was loosing altitude fast going into the wind. Made a last minute hop across the street for a safe landing by the cars. ",,,
217,6/15/16,4:20 PM,4:40 PM,Gin Atlas XS,Mussel Rock,Gravel Pit,,,Tomcat,,0,8-12,W,,20,67.22,,,,"Took off from Gravel pit! Worked my way up in front of Lemmings, flew a while and top landed at Tomcat.",,,
218,6/15/16,4:40 PM,4:50 PM,Gin Atlas XS,Mussel Rock,Tomcat,,,Walker,,0,8-12,W,,10,67.38,,,,First top landing at Walker after touch and go at Tomcat.,,,
219,6/15/16,4:50 PM,4:52 PM,Gin Atlas XS,Mussel Rock,Walker,,,Tomcat,,0,8-12,W,,2,67.42,,,,Touch and go from Walker. Great landing at Tomcat.,,,
220,6/15/16,4:55 PM,5:05 PM,Gin Atlas XS,Mussel Rock,Tomcat,,,Walker,,0,8-12,W,,10,67.58,,,,"From Tomcat, worked my way up then did a good top landing at Walker.",,,
221,6/15/16,5:25 PM,5:50 PM,Gin Atlas XS,Mussel Rock,Walker,,,Chit Chat,,0,9-11,W,,25,68.00,,,,Oleg showed up! Got some pics of him from the air. Flew to Chit Chat and landed for a drink. ,,,
222,6/15/16,6:14 PM,6:28 PM,Gin Atlas XS,Mussel Rock,Chit Chat,,,Lemmings,,0,5-8,W,,14,68.23,,,,"Easy up from Chit Chat. Landed at Lemmings for fun. Too light to kite there, so I hiked up to Walker. ",,,
223,6/15/16,6:40 PM,7:16 PM,Gin Atlas XS,Mussel Rock,Walker,,,Trail below Lemmings,,0,5-8,WSW,,36,68.83,,,,"Tried to land at Tomcat, was sinking out. Couldn't regain altitude in front of Lemmings. Landed on a trail above the road.",,,
224,6/15/16,7:25 PM,7:50 PM,Gin Atlas XS,Mussel Rock,Walker,,,Walker,,0,5-7,SW,,25,69.25,,,,Flew past Fort Funston and back. Flew way out over the water and saw whales breaching below. Good top landing at Walker. ,,,
225,6/15/16,7:50 PM,8:00 PM,Gin Atlas XS,Mussel Rock,Walker,,,Walker,,0,5-7,SW,,10,69.42,,,,Touch and go at Walker. ,,,
226,6/15/16,8:00 PM,8:05 PM,Gin Atlas XS,Mussel Rock,Walker,,,Saddle,,0,5-7,SW,,5,69.50,,,,Touch and go at Walker. Landed in the saddle for fun.,,,
227,6/15/16,8:15 PM,8:30 PM,Gin Atlas XS,Mussel Rock,Coyote,,,Gravel pit,,0,5-7,SW,,15,69.75,,,,Smooth launch from Coyote. Watched the sun dip below the clouds and then landed in the gravel pit before it got too cold. Practiced kiting some before packing it up.,,,
228,6/20/16,6:45 PM,7:07 PM,Gin Atlas XS,Mussel Rock,Coyote,,,Lemmings,,0,5-10,WSW,,22,70.12,,,,"Shear above, with northerly winds up top and SW down below. Bumpy air, but lifty enough in places to stay up. Watched a bunch of whales breeching really close to shore by Mussel Rock. ",,,
229,6/22/16,5:30 PM,6:06 PM,Gin Atlas XS,Mussel Rock,Gravel pit,,,Lemmings,,0,10-15,WSW,,36,70.72,,,,"Kited from gravel pit. Took a bit to work my way up from lemmings. Wind picked up a bit and I crossed over south of Cheetah, then came back. Practiced approaches at Lemmings. ",,,
230,6/22/16,6:06 PM,6:20 PM,Gin Atlas XS,Mussel Rock,Lemmings,,,Saddle,,0,10-15,WSW,,14,70.95,,,,Touch and go at Lemmings and practiced approaches. Landed in Saddle.,,,
231,6/22/16,6:35 PM,7:07 PM,Gin Atlas XS,Mussel Rock,Lemmings,,,Lemmings,,0,10-15,WSW,,32,71.48,,,,Practiced kiting from saddle to Lemmings. Had to go high to get past the rotor from the clubhouse. Practiced aproaches to Lemmings. ,,,
232,6/22/16,7:07 PM,7:20 PM,Gin Atlas XS,Mussel Rock,Lemmings,,,Lemmings,,0,10-15,WSW,,13,71.70,,,,Touch and go at Lemmings.,,,
233,6/22/16,7:20 PM,7:30 PM,Gin Atlas XS,Mussel Rock,Lemmings,,,Gravel pit,,0,10-15,WSW,,10,71.87,,,,Touch and go at Lemmings. Landed at the gravel pit and decided to go again. ,,,
234,6/22/16,7:40 PM,8:03 PM,Gin Atlas XS,Mussel Rock,Gravel pit,,,Gravel pit,,0,10-15,WSW,,23,72.25,,,,"Another takeoff from gravel pit. Was a bit tricky to work my way up in front of Lemmings, but lifty enough. Stayed low as the winds felt pretty strong up top. ",,,
235,6/25/16,5:27 PM,5:33 PM,Gin Atlas XS,Mussel Rock,Walker,,,Beach,,0,6-8,WSW,,6,72.35,,,,"Went around the cliff to avoid a tandem who was taking up coyote ridge. Couldn't get sufficient lift going downwind, and after turning south wasn't penetrating enough to get back around the corner. Turned downwind and landed downwind on a small dry patch of beach. :/",,,
236,6/25/16,6:54 PM,6:56 PM,Gin Atlas XS,Mussel Rock,Coyote,,,Saddle,,0,6-8,SW,,2,72.38,,,,,,,
237,6/25/16,7:11 PM,7:47 PM,Gin Atlas XS,Mussel Rock,Coyote,,,Saddle,,0,7-10,SW,,36,72.98,,,,"I was the only one able to stay up in the air, it was so light and southy. Soared coyote ridge for a while then landed in the saddle.",,,
238,7/4/16,4:04 PM,4:06 PM,Gin Atlas XS,Sand City,Sand City,,,Beach,,0,,,,2,73.02,,,,"Kited for a bit, then took off and did a couple turns before sinking out to the beach. ",,,
239,7/4/16,4:13 PM,4:16 PM,Gin Atlas XS,Sand City,Sand City,,,Sand City,,0,,,,3,73.07,,,,"Did a few more passes over the dunes and then came in for a top landing, just below where I took off. ",,,
240,7/4/16,4:28 PM,4:29 PM,Gin Atlas XS,Sand City,Sand City,,,Sand City,,0,,,,1,73.08,,,,Another top landing. I used my airbag. Feet should have been down. Good thing it was sand.,,,
241,7/4/16,4:38 PM,4:58 PM,Gin Atlas XS,Sand City,Sand City,,,Beach,,0,,,,20,73.42,,,,"Caught a window with the wind straight in enough to launch and hop over to the cliffs to the north. Wind was pretty strong up top, so I went back south. Soared around some spectators at a lookout before sinking out to the beach.",,,
242,7/4/16,5:37 PM,5:39 PM,Gin Atlas XS,Sand City,Sand City,,,Beach,,0,,,,2,73.45,,,,"Wind was too south to stay up. Sunk out going south, but for some stupid reason decided to land downwind. Glad it was sand. ",,,
243,7/8/16,5:11 PM,5:24 PM,Gin Atlas XS,Mussel Rock,Cheetah,,,Chit Chat,,0,15,SW,,13,73.67,,,,"Foggy. Fog lifted enough to take off and fly to chit chat. Wing is wet now. Light wind at launch, but really lifty. Stronger and southy at landing. Got a hot chai latte at chit chat. Yum. ",,,
244,7/8/16,6:03 PM,6:04 PM,Gin Atlas XS,Mussel Rock,Chit Chat,,,Beach,,0,15,SW,,1,73.68,,,,"Took off where it was too cross and no lift, so I turned downwind and quickly set up a landing upwind on the beach, then tried to kite up the ramp.",,,
245,7/8/16,6:16 PM,6:26 PM,Gin Atlas XS,Mussel Rock,Chit Chat,,,Cheetah Beach,,0,15,SW,,10,73.85,,,,"Low vis during launch at Chit Chat, but I folowed Mark north to Cheetah. Visibility was too low to try a top landing, so I went out over the water to come down for another beach landing. Wing was dripping wet on landing. Woops.",,,
246,7/16/16,8:02 PM,9:00 PM,Gin Atlas XS,Hat Creek Rim,Upper launch,4500,,LZ1,3500,1000,7,W,,58,74.82,5200,700,,"Hiked up to launch from LZ. Super smooth glass-off, nice and warm. BAPA fly-in, so it was rather crowded. Jeff and Leslie walked up just when I thoulg I had the upper launch to muself. Took a few tries to take off. Flew till sundown. Good spot landing in LZ 1.",,,
247,7/22/16,6:17 PM,6:24 PM,Gin Atlas XS,Mussel Rock,Cheetah,,,Beach,,0,,,,7,74.93,,,,,,,
248,7/22/16,6:49 PM,7:26 PM,Gin Atlas XS,Mussel Rock,Cheetah,,,Chit Chat,,0,,,,37,75.55,,,,,,,
249,7/23/16,4:20 PM,5:11 PM,Gin Atlas XS,Mussel Rock,Cheetah,,,Cheetah,,0,12,SW,,51,76.40,,,,,,,
250,7/23/16,6:45 PM,7:14 PM,Gin Atlas XS,Mussel Rock,Cheetah,,,Chit Chat,,0,15,SW,,29,76.88,,,,,,,
251,7/23/16,8:04 PM,8:07 PM,Gin Atlas XS,Mussel Rock,Chit Chat,,,Beach,,0,,,,3,76.93,,,,,,,
252,7/23/16,8:20 PM,8:21 PM,Gin Atlas XS,Mussel Rock,Chit Chat,,,Beach,,0,,,,1,76.95,,,,,,,
253,7/29/16,3:52 PM,4:20 PM,Gin Atlas XS,Mussel Rock,Cheetah,,,Chit Chat,,0,,,,28,77.42,,,,,,,
254,7/29/16,4:52 PM,5:03 PM,Gin Atlas XS,Mussel Rock,Chit Chat,,,Cheetah,,0,,,,11,77.60,,,,"Light wind on launch. Wasn't sure if I'd make it back, but was pretty buoyant and I got back no problem. Good top landing at Cheetah on third pass.",,,
255,10/2/16,2:03 PM,3:08 PM,Gin Atlas XS,Mussel Rock,Lemmings,,,Lemmings,,0,,,1,5,78.68,,,,"Beautiful, perfect day! First time flying above the big cliffs in a long while. Clear skies. Great views of the GG Bridge and SFO. Very lifty. Had to pull big ears a couple times to stay out of the strong wind up top. Great landing at Lemmings.",,,
256,10/2/16,4:31 PM,4:34 PM,Gin Atlas XS,Mussel Rock,Walker,,,Beach,,0,,,,3,78.73,,,,Not enough lift by the cliffs. Landed on the beach. ,,,
257,10/2/16,5:37 PM,6:14 PM,Gin Atlas XS,Mussel Rock,Walker,,,Walker,,0,,,,37,79.35,,,,Great flight after the wind picked up again. Rougher air as the wind shifted slightly to the south.,,,
258,10/2/16,6:15 PM,6:18 PM,Gin Atlas XS,Mussel Rock,Walker,,,Saddle,,0,,,,3,79.40,,,,Touch and go at Walker. Lost lift and made a good landing in the saddle.,,,
259,10/2/16,6:32 PM,6:37 PM,Gin Atlas XS,Mussel Rock,Walker,,,Saddle,,0,,,,5,79.48,,,,"Kited to the top of Walker, smooth launch. Not enough lift to stay up. Landed in the saddle and kited to Tomcat before packing it up.",,,
260,10/17/16,,,Gin Atlas XS,"Kahana, Oahu",Mid launch,,,Beach,,0,,,,53,80.37,,,,"Beautiful flight. Alex had taken off by the time I got up to launch, but he had texted me to watch for rain clouds. Stayed mostly over launch, soaring out over the bay a few times. Very buoyant. Felt a few raindrops and decided to land. Was glad I had watched others land the day before to understand the approach. Ended up a great landing.",,,
261,10/22/16,4:16 PM,4:30 PM,Gin Atlas XS,Mussel Rock,Walker,,,Lemmings,,0,,,,14,80.60,,,,"Smooth launch, kiting to the top of Walker. Light lift. Took a bit to work my way up. Landed after I noticed I had a twist in my harness.",,,
262,10/22/16,4:45 PM,5:09 PM,Gin Atlas XS,Mussel Rock,Walker,,,Lemmings,,0,,,,24,81.00,,,,Smooth launch. Flew to the stables. Landed to put on an extra jacket. Wind died after landing.,,,
263,10/22/16,5:51 PM,5:52 PM,Gin Atlas XS,Mussel Rock,Walker,,,Saddle,,0,,,,1,81.02,,,,"Forward launch, sledder to the saddle. ",,,
264,10/29/16,9:50 AM,10:10 AM,Gin Atlas XS,The Point,South,,,Bottom,,0,,,,20,81.35,,,,,,,
265,10/30/16,9:30 AM,,Gin Atlas XS,The Point,South,,,Bottom,,0,,,,1,81.37,,,,Kiting practice with Chris and Turtle. Realized how I am usually giving way too much input on the A's to bring the wing up. I should keep my weight low and let my feet slide as the wing comes up instead.,,,
266,11/1/16,6:15 PM,6:30 PM,Gin Atlas XS,The Point,North,,,Top,,0,,,,15,81.62,,,,"Lots of kiting practice in turbulent air. Getting much better at inflations. Went for a cruise right at sunset. Very buoyant, had to pull big ears several times. Good top landing. ",,,
267,11/2/16,11:20 AM,11:37 AM,Gin Atlas XS,Jordanelle Reservoir,,,,,,0,,,,17,81.90,,,,"SIV, boat tow.",,,
268,11/2/16,12:30 PM,12:48 PM,Gin Atlas XS,Jordanelle Reservoir,,,,,,0,,,,18,82.20,,,,"SIV, boat tow.",,,
269,11/2/16,1:50 PM,2:09 PM,Gin Atlas XS,Jordanelle Reservoir,,,,,,0,,,,19,82.52,,,,"SIV, boat tow.",,,
270,11/2/16,5:20 PM,6:20 PM,Gin Atlas XS,The Point,North,,,Top,,0,,,1,0,83.52,,,,First flight in new pod harness. Perfect conditions. Flawless inflation and good launch. Benched up and got above ridge level. Beautiful soaring until sunset. Very buoyant. Was difficult to come down to land. ,,,
271,11/5/16,11:46 AM,11:50 AM,Gin Atlas XS,Ed Levin,600,,,LZ,,0,,,,4,83.58,,,,Forward launch. Milked a few light thermals in front of 300 launch. Good spot landing in the circle.,,,
272,11/5/16,1:00 PM,1:20 PM,Gin Atlas XS,Ed Levin,1750,,,LZ,,0,,,,20,83.92,,,,"Big inversion in the bay, but still a light wind at launch. Good inflation and launch. Worked some thermals for a while in front of 600 and over 300. Pretty buoyant coming in for landing. A bit thermic at LZ, but manageable. Great flight.  ",,,
273,11/12/16,12:00 PM,12:06 PM,Gin Atlas XS,Blue Rock,Viagra,,,Cow pie,,0,,,,6,84.02,,,,,,,
274,11/12/16,1:15 PM,3:35 PM,Gin Atlas XS,Blue Rock,Viagra,,,Cow pie,,0,,,2,20,86.35,,,,,,,
275,11/13/16,4:27 PM,4:30 PM,"Rush 4, 28",Sand City,Lake Court,,,Lake Court,,0,,,,3,86.40,,,,"Foggy, light wind. Flew Mark's wing for a bit. Felt like I was in slow motion. ",,,
276,11/26/16,12:52 PM,1:56 PM,Gin Atlas XS,Valle de Bravo,El peÃ±on,7250,,El piano,5525,1725,,,1,4,87.47,8872,1621,2.25,"Somewhat sketchy launch with a small deflation, but ended okay. Got pretty high over el peÃ±Ã³n and went to the back wall but couldn't find enough lift, so I went back to el peÃ±Ã³n and soared around a bit before coming in to land.",,12.23333333,
277,11/26/16,4:13 PM,4:49 PM,Gin Atlas XS,Valle de Bravo,El peÃ±on,7250,,El piano,5525,1725,,,,36,88.07,7824,495,1.76,,,,
278,11/27/16,11:12 AM,11:45 AM,Gin Atlas XS,Valle de Bravo,El peÃ±on,7250,,El piano,5525,1725,,,,33,88.62,8744,1473,1.76,"Had a near collision as I was turning left in a thermal. The other pilot was turning right and headed towards me, so I started yelling. I didn't want to veer right because I thought he would turn that way, so I stayed course and he ended up swerving right in front of me, barely missing me. Whew!",,,
279,11/27/16,5:06 PM,5:24 PM,Gin Atlas XS,Valle de Bravo,El peÃ±on,7250,,El piano,5525,1725,,,,18,88.92,7815,437,1.73,Went over to el peÃ±Ã³n but couldn't find lift and sunk out to the LZ. ,,,
280,11/28/16,2:33 PM,2:42 PM,Gin Atlas XS,Valle de Bravo,La torre,7015,,El piano,5716,1299,,,,9,89.07,7029,14,0.98,"Good launch from la torre. Couldn't find lift, so I went to the LZ and prepared my landing. Had a bit to much altitude coming in to land and did some quick turns before landing pretty hot, but ended well.",,,
281,11/28/16,4:07 PM,4:18 PM,Gin Atlas XS,Valle de Bravo,La torre,7015,,El piano,5716,1299,,,,11,89.25,7073,50,0.92,"Smooth launch. Couldn't find lift. Much better landing, very controlled.",,,
282,11/29/16,11:27 AM,12:49 PM,Gin Atlas XS,Valle de Bravo,El peÃ±on,7250,,El piano,5525,1725,,,1,22,90.62,9897,2532,2.55,"Got way up over el peÃ±Ã³n, flew to the back ridge and found the G spot which got me up to cloud base. Had an asymmetric frontal, but recovered well, correcting for the turn. Headed back to the piano around 12:30, still has plenty of altitude above the LZ, so I practiced small wingovers and spirals to get down. High wind at landing, but landed smoothly. ",,,
283,11/30/16,11:53 AM,12:55 PM,Gin Atlas XS,Valle de Bravo,El peÃ±on,7250,,El piano,5525,1725,,,1,2,91.65,8522,1169,2.14,"Pretty turbulent above launch. Had a couple collapses but recovered well. Followed a gaggle towards el peÃ±Ã³n, caught lots of sink on the way and never got quite enough altitude to head over to the wall. Found a good thermal on the way to the LZ, rode it up maybe 500-1000 ft then went in to land. Practiced small wingovers and spirals to come down. Very thermic at LZ. Ended up landing short and cross. Face planted but was unhurt.",,,
284,11/30/16,4:56 PM,5:22 PM,Gin Atlas XS,Valle de Bravo,El peÃ±on,7250,,El piano,5525,1725,,,,26,92.08,7913,505,1.65,"Smooth launch and landing. Nice smooth thermals up top, practiced smooth 360s by keeping the inside brake locked and regulating with outside hand. Much better. Didn't want to put up with the traffic, so I took my time heading back to the LZ instead. ",,,
285,12/1/16,5:05 PM,5:52 PM,Gin Atlas XS,Valle de Bravo,El peÃ±on,7250,,El piano,5525,1725,,,,47,92.87,7883,486,1.74,Nice smooth glass off. Beautiful sunset photos from GoPro. No wind at landing. Came in pretty hot but landed well. ,,,
286,12/2/16,11:37 AM,12:19 PM,Gin Atlas XS,Valle de Bravo,El peÃ±on,7250,,By Cerro PelÃ³n,5407,1843,,,,42,93.57,9116,1814,4.04,"First XC in Valle. Went into the white room above el peÃ±Ã³n. Crossed over to G-spot, but was too low and tried to surf the cliffs, but couldn't find lift. Headed towards cerro pelÃ³n volcano, barely crossed over it as I was in a venturi, and landed in a field across the road. Landed uphill, barely crossing over the trees by the creek. Caught a colectivo down the carretera for 10 pesos, then hiked the road to the piano. Was rewarded with a delicious michelada.",,,
287,12/2/16,4:04 PM,5:23 PM,Gin Atlas XS,Valle de Bravo,El peÃ±on,7250,,El piano,5525,1725,,,1,19,94.88,8334,970,1.83,"Super smooth. Didn't expect to make it to el peÃ±Ã³n, but found lift and was able to climb up to the top. Practiced spirals and small wingovers to descend over the piano. Good no wind landing. ",,,
288,12/3/16,10:58 AM,11:35 AM,Gin Atlas XS,Valle de Bravo,El peÃ±on,7250,,El piano,5525,1725,,,,37,95.50,8441,1117,1.96,,,,
289,11/4/16,11:09 AM,1:20 PM,Gin Atlas XS,Valle de Bravo,El peÃ±on,7250,,El piano,5525,1725,,,2,11,97.68,9082,1714,3.26,,,,
290,11/4/16,4:20 PM,4:34 PM,Gin Atlas XS,Valle de Bravo,El peÃ±on,7250,,El piano,5525,1725,,,,14,97.92,7430,0,1.62,,,,
291,12/11/16,1:20 PM,1:24 PM,Gin Atlas XS,Mussel Rock,Tomcat,,,Lemmings,,0,,,,4,97.98,,,,"Took off in light NW wind from Tomcat, flew along road, touched down and kited all the way to Lemmings before launching again and landing on the road near the saddle.",,,
292,12/11/16,1:37 PM,2:16 PM,Gin Atlas XS,Mussel Rock,Walker,,,North ridge,,0,,,,39,98.63,,,,"Smooth launch from Walker. Super smooth wind with light but consistent lift. Flew around with Mark north of Avalon canyon before top landing on the north point of the ridge, just south of the Stables.",,,
293,12/11/16,2:46 PM,3:17 PM,Gin Atlas XS,Mussel Rock,North ridge,,,Beach,,0,,,,31,99.15,,,,"Good launch from the top ridge. Enjoyed practicing turns in the smooth lift by the big cliffs. Was up by the stables when the wind died off, and I sunk out on the beach just north of Avalon canyon. Plenty of beach, and wind was light enough that I opted for a downwind landing to stretch out the glide and minimize the walk back. ",,,
294,1/14/17,11:38 AM,12:20 PM,Gin Atlas XS,Valle de Bravo,El peÃ±on,7250,,El piano,5525,1725,,,,42,99.85,8576,1356,1.82,"Crowded at launch, but smooth takeoff. Was a bit nervous with all the traffic. Flew to el peÃ±Ã³n but didn't catch the thermal above because I was avoiding the traffic. Caught a few small thermals out in front, had a couple tip slaps. Fairly active at the LZ, but landed well. ",,14.58333333,
295,1/14/17,11:38 AM,1:03 PM,Gin Atlas XS,Valle de Bravo,El peÃ±on,7250,,El piano,5525,1725,,,1,25,101.27,10807,3479,2.4,,,,
296,1/15/17,4:54 PM,5:44 PM,Gin Atlas XS,Valle de Bravo,El peÃ±on,7250,,El piano,5525,1725,,,,50,102.10,9007,1613,1.77,"Nice glass off. Flew over a party next to el piano, could hear the music from the air. Turned out to be a wedding to which I was invited right after landing. Had a great time.",,,
297,1/16/17,11:50 AM,2:11 PM,Gin Atlas XS,Valle de Bravo,El peÃ±on,7250,,El Pinal de Marquesado,,7250,,,2,21,104.45,11256,3939,10.28,"Personal bests for altitude, distance, and time. Also had the biggest collapse so far while I was flying towards a cloud with full speed bar. Recovered well, but it sure gave me a scare. I was way behind the gaggle by the time I made it to the start cylinder and I couldn't find the way to Divisadero. Hit a bunch of sink while heading towards the ridge and was worried I might land in the trees, but ended up finding a thermal that took me up high enough to bench up. Didn't have enough altitude to make it to Divisadero, and I ended up landing in a field near Pinal. Thermic at landing, but I managed it well. A guy named Anastacio Rosa met me in the field and took me to the pueblito where we had some beers and showed some of my GoPro video to the kids there. Anastacio ended up giving me a ride back to Valle when I want able to make contact with transport over radio or phone. A pretty epic day.",,,
298,1/17/17,11:36 AM,1:22 PM,Gin Atlas XS,Valle de Bravo,El peÃ±on,7323,,S of San Agustin,7942,-619,,,1,46,106.22,10148,2825,3.21,"Had fun thermaling in from of launch and el peÃ±Ã³n, but wasn't able to get enough altitude to make it to the start cylinder with the group. Worked the wall for about an hour before hitting 10,000 and heading back to San Agustin. Barely made it to the start cylinder but didn't have enough altitude to search for thermals, so I landed out in a field South of San Agustin. Good spot landing in a small clearing in the middle of a field of juncos. Walked to Mesa Rica and met up with another pilot waiting for transport with a rescue crew. Had a couple beers while we waited for the ride back. ",,,
299,1/18/17,11:18 AM,1:41 PM,Gin Atlas XS,Valle de Bravo,El peÃ±on,7257,,Casas Viejas,6400,857,,,2,23,108.60,10914,3656,6.54,"Rode up to launch with Benjamin Jordan who wrote the USHPA mag article on getting into vol bivving in BC. Also met Mike Lester and Aaron Price from LA. Kept up with the lead gaggle as we worked the thermal over launch and headed to el peÃ±Ã³n, la casita, and Crazy Thermal Mesa. The lead gaggle returned after sinking over the valley. Was super crowded and turbulent so I kept my distance (as much as I could) but was too low when they took off again towards the start cylinder. I wasn't able to maintain altitude, so I headed towards Cerro PelÃ³n and worked a thermal there enough to bench up again over CTM. Hit tons of sink going towards el peÃ±Ã³n and thought I might not even make it back to the piano, but I ended up finding super lift in front of el peÃ±Ã³n, and then again over la casita. After hitting 10,700 I headed towards San Agustin and worked the thermal there before heading towards town. Was pretty windy and I want able to find enough thermals to make it to the lake, so I chose a large field in Casas Viejas and worked my way down and did a nice spot landing by a super nice house. Apparently it was el rancho de Checa, se supone un medio narco. Another paraglider landed there just after me, followed by a hang glider which did a super nice landing. We all paid a worker in the field to take us back to town in his truck. ",,,
300,1/19/17,11:35 AM,12:01 PM,Gin Atlas XS,Valle de Bravo,El peÃ±on,7257,,El piano,5525,1732,,,,26,109.03,8296,992,1.82,"Wasn't feeling it while thermaling over launch. Fairly turbulent and unstable air with a moderate headwind going towards the piano. Decided to land, had difficulty loosing altitude over the piano. Landed well in fairly strong winds. ",,,
301,1/20/17,11:36 AM,12:08 PM,Gin Atlas XS,Valle de Bravo,El peÃ±on,7337,,El piano,5553,1784,,,,32,109.57,8285,947,1.62,"Was feeling well, but conditions weren't cooperating. Punchy at launch and difficult to catch thermals. Finally caught one and was circling with the group when some guy flew straight into the thermal, cutting me off. I lost altitude and ended up going to the piano. Strong headwind and thermic at LZ. Glad to be back on the ground.",,,
302,1/21/17,11:09 AM,11:41 AM,Gin Atlas XS,Valle de Bravo,El peÃ±on,7337,,El piano,5553,1784,,,,32,110.10,9315,2015,1.6,"Vario quit sounding, speaker must be broken. Also, right at takeoff someone's radio got stuck, I thought maybe I was pressing monitor or something. The technical difficulties threw me off, and I wasn't able to maintain lift without the audio vario, so I went in to land.",,,
303,1/24/17,11:30 AM,11:57 AM,Gin Atlas XS,Valle de Bravo,El peÃ±on,7337,,El piano,5553,1784,,,,27,110.55,8298,973,1.63,"Thermic at take off. Rowdy thermals. Didn't get enough altitude to go to peÃ±Ã³n. Active at piano. Difficult to come down. Good controlled landing. Met Harrison at the piano, remembered meeting him in Utah in Oct 2015. ",,,
304,1/26/17,4:51 PM,5:59 PM,Gin Atlas XS,Valle de Bravo,El peÃ±on,7337,,El piano,5553,1784,,,1,8,111.68,8171,819,1.81,"A bit thermic at takeoff, then nice glass off. Boated around above launch for a while. Got tired of the traffic and headed to el peÃ±Ã³n with about 8000'. Found super smooth and steady lift there and worked my way up to the top. Flew over to the piano and practiced wingovers and spirals in the butter smooth air.",,,
305,2/20/17,3:42 PM,3:47 PM,Gin Atlas XS,Costa Rica,JacÃ³,877,,El piano,208,669,,,,5,111.77,891,13,0.5,"FabiÃ¡n gave me a ride up in his dad's 4x4. Very light wind, quick sledder to the bottom. ",,,
306,2/20/17,4:19 PM,4:27 PM,Gin Atlas XS,Costa Rica,JacÃ³,879,,El piano,208,671,,,,8,111.90,885,5,0.5,Stuck to the hills a bit better and maintained altitude for a few passes before sinking out again.,,,
307,3/31/17,11:50 AM,12:04 PM,Gin Atlas XS,Costa Rica,Dominical,1840,,Dominicalito,0,1840,,,,14,112.13,2000,,,"Hiked/hitchhiked up to launch. A gardener picked me up just past the steep spot and took me to launch. Glad he knew the way as Google maps was wrong. Sledder to Dominicalito Beach. Was plenty buoyant up top, but I ended up following a tandem towards the beach after launch. Didn't have enough altitude to make it to the ridge so I landed on the beach and hiked back to Dominical.",,,
308,4/2/17,11:35 AM,12:08 PM,Gin Atlas XS,Costa Rica,Dominical,1840,,Dominical Beach,0,1840,,,,33,112.68,2629,788,3.22,"Hiked half way up, hitchhiked the rest with a Frenchman who wanted to see the top. Light wind at launch. Waited for a bit until clouds passed and the launch heated up. Soared around launch for a bit before heading towards Dominical. Found sustaining lift above the ridge and flew to Dominical. Landed on the beach right in front of camp.",,,
309,4/3/17,1:00 PM,1:45 PM,Gin Atlas XS,Costa Rica,Dominical,1920,,Dominical Beach,0,1920,,,,45,113.43,2988,1066,3.37,"Started hitchhiking from Dominical at 10:05, got to Escaleras Road at 10:40. Stopped for a beer at the Jolly Roger at 11:10 till 11:30. Arrived to launch at 12:50. Soared above launch and the two towers for about a half hour before heading towards the beach. Landed right at camp again. Feels good to totally earn my flight. ",,,
310,4/7/17,11:21 AM,11:39 AM,Gin Atlas XS,Costa Rica,Dominical,1837,,Dominicalito,222,1615,,,,18,113.73,2576,738,1.9,"First barefoot flight. Met up with Alex at Dominicalito Beach for a ride up. He sold me on a flight for Carolyn. Great lift, but I followed Alex down to pick up Carolyn for her flight. Had 1000 feet above the beach and practiced some small wingovers before landing by the river. ",,,
311,4/7/17,12:35 PM,1:00 PM,Gin Atlas XS,Costa Rica,Dominical,1872,,Dominicalito,222,1650,,,,25,114.15,2366,493,1.79,"Alex took Carolyn for a tandem. Small thermals, difficult to climb and maintain. Left the launch area with about 2000', had 1000' above the beach and practiced spirals and small wingovers to come down. Burned my feet on the sand, but so worth it.",,,
312,4/14/17,10:43 AM,12:08 PM,Gin Atlas XS,Costa Rica,Rivas,5363,,Palmares,1988,3375,,,1,25,115.57,6732,1369,9.19,"Awesome first flight from Alex's Launch. Flew with Alex, Justin, Allen Candela, Guigui. ",,,
313,4/15/17,10:44 AM,10:55 AM,Gin Atlas XS,Costa Rica,Rivas,5363,,Aterrizaje de emergencia,3348,2015,,,,11,115.75,5367,3,1.94,"Cloudy/foggy at launch. Low cloud base. Couldn't find any good thermals and didn't know if I could make it to the plaza. Landed in the emergency LZ. The others all made it to the plaza, but no XC.",,,
314,4/15/17,12:14 PM,12:41 PM,Gin Atlas XS,Costa Rica,Rivas,5403,,Piano,2300,3103,,,,27,116.20,5739,336,2.6,"Waited until fog/cloud passed over launch then took a short window of opportunity to launch. Couldn't find good thermals until I got over the piano where I found a thermal that took me up several hundred feet before I lost it and sunk out to the LZ. Good landing, although a bit chaotic. Should plan approach better.",,,
315,4/15/17,4:20 PM,4:31 PM,Gin Atlas XS,Costa Rica,Rivas,5446,,Piano,2300,3146,,,,11,116.38,5445,0,2.57,"Nice smooth evening sledder. Forward launch, then straight to LZ. Sharp turns to lose altitude in 0 wind. Landed very fast, skidding along the grass, but ending up on my feet.",,,
316,4/16/17,11:42 AM,12:15 PM,Gin Atlas XS,Costa Rica,Rivas,5353,,Piano,2300,3053,,,,33,116.93,5375,22,2.67,"Light wind and low cloud base at launch. Couldn't find any good thermals until I headed out towards a ridge in the sun. There I got enough altitude to glide over to the ridge on the other side of the valley where I caught some more thermals that took me up to about launch level. Decided to descend using big ears when I noticed the clouds were getting pretty dark over launch and it looked like it would rain. Stopped a soccer game as I came in to land on their field. Smooth landing, got an applause. Pura vida.",,,
317,4/17/17,11:16 AM,12:10 PM,Gin Atlas XS,Costa Rica,Dominical,1850,,Dominical Beach,0,1850,,,,54,117.83,2668,817,3.36,"Good launch. Difficult to stay up, but found some birds circling in a thermal on my way towards the beach, led me back up to above launch altitude. Got up to about 2500' as Alex came back up with his second client. Soared the ridge north to Dominical and landed on the beach. Met up with Carolyn to say hi before leaving to Guatemala tomorrow.",,,
318,4/17/17,1:40 PM,1:47 PM,Gin Atlas XS,Costa Rica,Hatillo,1096,,Piano de emergencia,220,876,,,,7,117.95,1096,0,0.68,Alex took me to Hatillo where I did a forward launch sledder to the emergency piano. A bull was in the LZ and watched me land. Thankfully it stayed peaceful.,,,
319,4/20/17,11:33 AM,12:25 PM,Gin Atlas XS,Panajachel,Santa Catarina,6411,SW,Panajachel,4970,1441,10,SSE,,52,118.82,7222,811,1.65,"Met Jorge and Christan at the paragliding office in Pana and rode up with them. Smooth wind ~10mph SW, good launch. Somewhat thermic ridge soaring. Tried to hop over to the ridge to the South, but hit tons of sink as I was in the lee. Easily recovered altitude by heading north. Looked like rain was about to come in and I was getting cold, so I went in to land. A bit squirrelly setting up landing, but spot landed well. Rode up again with the tandem pilots for a second flight.",,,
320,4/20/17,1:47 PM,2:42 PM,Gin Atlas XS,Panajachel,Santa Catarina,6458,SW,Panajachel,4970,1488,15,SSE,,55,119.73,7666,1188,1.62,"Windy and gusty at launch. Popped me up immediately and pushed me a bit to the right, otherwise well controlled. Laminar winds provided consistent lift until the wind shifted West, which I didn't realize until after heading back towards LZ.  Set up landing well, landed smoothly.",,,
321,4/21/17,11:58 AM,12:28 PM,Gin Atlas XS,Panajachel,Santa Catarina,6458,SW,Panajachel,4970,1488,,,,30,120.23,,,,"Sunny over launch. Very thermic, bumpy at launch. Several tip slaps. Got in a thermal over a fire that registered +700'/min, then my vario's battery died. Decided to land with the tandems. Nice smooth landing. ",,,
322,4/21/17,2:34 PM,3:54 PM,Gin Atlas XS,Panajachel,Santa Catarina,6458,SW,Panajachel,4970,1488,,,1,20,121.57,,,,"Laminar wind, lighter than yesterday evening, but it still popped me up immediately. Amazing acro pilots were practicing helicopters, infinity tumbles, jokers, and all kinds of crazy maneuvers. Super buoyant glassoff conditionsâ€‹when I went in to land. ",,,
323,4/22/17,12:03 PM,3:09 PM,Gin Atlas XS,Panajachel,Santa Catarina,6458,SW,Panajachel,4970,1488,,,3,6,124.67,,,,"Sunny day again, gusty at launch. Lifted me off my feet before the wing was even overhead, but I checked it well and took off, was probably 30 feet up by the time I was away from the edge. Practiced mild wingovers over the water, returning to the ridge lift, and repeating. Pushedâ€‹ southwest over the water to see if I could get to the next ridge, but never made it work; might have worked, but didn't see any landing options over there. Glassoff conditions going in to land, was tough to come down. Good landing with a lot of spectators at the LZ. ",,,
324,4/23/17,11:40 AM,1:45 PM,Gin Atlas XS,Panajachel,Santa Catarina,6458,SW,Panajachel,4970,1488,,,2,5,126.75,,,,"Cloudy and hazy, seemed lighter at launch, but still got plucked. Wing came up a bit sideways and swung me around a bit, but I held it together and took off okay. Enjoyed practicing sharp, controlled turns. I put on earphones and zened out. Got foggy towards the end, I thought it might rain, but tandems were still launching, so I stayed in the air for a while until the need to pee brought me down. Good landing approach, landed well in front of a crowd. A bunch of locals stood around me watching as I packed up. One guy asked what it feels like, I told him it's like flying like a bird. :)",,,
325,4/26/17,12:10 PM,2:00 PM,Gin Atlas XS,Panajachel,Santa Catarina,6458,SW,Panajachel,4970,1488,,,1,50,128.58,,,,,,,
326,4/27/17,12:33 PM,1:23 PM,Gin Atlas XS,Panajachel,Santa Catarina,6458,SW,Panajachel,4970,1488,,,,50,129.42,,,,,,,
327,4/28/17,11:48 AM,1:28 PM,Gin Atlas XS,Panajachel,Santa Catarina,6458,SW,Panajachel,4970,1488,,,1,40,131.08,,,,"Seemed calm at takeoff, but still popped me way up, then dropped me on my butt. Managed to keep it up and took off. Had a good flight, then met Anna at the LZ before heading off to the party in TzununÃ¡.",,,
328,5/3/17,12:17 PM,2:23 PM,Gin Atlas XS,Panajachel,Santa Catarina,6458,SW,Panajachel,4970,1488,,,2,6,133.18,,,,"Light wind at takeoff, could see the wind on the lake coming from the SW, but calm on this side. Had to work it to stay up for the first twenty minutes or so, then it got super buoyant once the wind arrived. Smooth landing in high wind. Practiced kiting at the LZ, using cobra inflations. ",,,
329,5/4/17,12:05 PM,12:36 PM,Gin Atlas XS,Panajachel,Santa Catarina,6458,SW,Panajachel,4970,1488,7,WSW,,31,133.70,,,,"First person to launch. Light and thermic at takeoff. Punchy thermals over the house. Easy to sustain above launch. Fell out of a thermal and got a big downdraft that made the wing surge forward and asymmetrically collapse. Controlled direction well, kept it flying, then cleared the collapse with a couple pumps. Exciting. Kept flying but took another small collapse, so I decided to come in to land. Very light wind from SW at LZ. Flapping made me come down quicker than I expected and landed a bit hard, but alright. ",,,
330,5/11/17,4:02 PM,4:44 PM,Gin Atlas XS,Mussel Rock,Cheetah,,,Chit Chat,,0,,,,42,134.40,,,,Super smooth and buttery. WSW wind made it easy to fly to Chit Chat for a chai latte. :p,,,
331,5/11/17,3:27 PM,5:07 PM,Gin Atlas XS,Mussel Rock,Chit Chat,,,Cheetah beach,,0,,,1,40,136.07,,,,"Light wind, but sustaining at takeoff. Flew all the way past Walker to the big cliffs. Very buoyant. Pulled big ears to stay out of the fog. Made several attempts to top land at Cheetah before giving up and landing on the beach. ",,,
332,5/19/17,4:55 PM,5:09 PM,Gin Atlas XS,The Point,North,,,Bottom,,0,,,,14,136.30,,,,"Good launch. Sunk out and hiked back up. I thought I had bushwacked through a bunch of poison oak, but apparently it's not, according to locals. Whew.",,,
333,5/19/17,5:48 PM,6:09 PM,Gin Atlas XS,The Point,North,,,Top,,0,,,,21,136.65,,,,"Good launch, although gusty. Soared for a bit on the low ridge with tons of traffic. Benched up and got way high, had great views of Utah Valley behind the ridge. A bit turbulent up high, kept me in my toes. Took a while to come down after I decided to go in to land because my hand were so cold. Practices spirals to descend. Decent landing, although a somewhat erratic approach. ",,,
334,5/19/17,6:10 PM,6:45 PM,Gin Atlas XS,The Point,North,,,Top,,0,,,,35,137.23,,,,"Benched up again after being annoyed with traffic below. Smoother air. Practiced spirals to come down. Came in a bit low and landed smoothly, but closer than I intended to a ravine by the edge.",,,
335,5/19/17,6:57 PM,7:54 PM,Gin Atlas XS,The Point,North,,,Top,,0,,,,57,138.18,,,,Benched up again and enjoyed much smoother air. Snapped some pics of the valleys from up high. Big ears and spirals to come down. ,,,
336,5/19/17,8:10 PM,8:20 PM,Gin Atlas XS,The Point,North,,,Top,,0,,,,10,138.35,,,,"Practiced kiting for a bit before taking off again. Nice short flight, practicing takeoff and landing.",,,
337,5/19/17,8:12 PM,8:20 PM,Gin Atlas XS,The Point,North,,,Top,,0,,,,8,138.48,,,,,,,
338,5/29/17,6:34 PM,7:03 PM,Gin Atlas XS,The Point,North,4977,N,Top,5000,-23,,,,29,138.97,6306,1328,0.55,,,,
339,5/29/17,7:30 PM,8:22 PM,Gin Atlas XS,The Point,North,4988,N,Top,5000,-12,,,,52,139.83,7065,2077,1.58,,,,
340,5/30/17,9:45 AM,10:06 AM,Gin Atlas XS,The Point,South,,,Top,,0,,,,21,140.18,,,,,,,
341,5/30/17,10:10 AM,10:20 AM,Gin Atlas XS,The Point,South,,,Top,,0,,,,10,140.35,,,,,,,
342,5/30/17,10:21 AM,10:29 AM,Gin Atlas XS,The Point,South,,,Top,,0,,,,8,140.48,,,,,,,
343,6/1/17,8:15 AM,8:22 AM,Gin Atlas XS,The Point,South,,,Top,,0,,,,7,140.60,,,,,,,
344,6/1/17,8:40 AM,9:15 AM,Gin Atlas XS,The Point,South,,,Bottom,,0,,,,35,141.18,,,,,,,
345,6/18/17,9:28 AM,9:41 AM,Gin Atlas XS,Jackson Hole,Gondola,8526,E,Teton Village,6040,2486,,,,13,141.40,0,8526,2.04,"Light thermic upslope at launch, in the lee as is apparently normal here. Picked a good cycle, nice wing control at launch. Found a light thermal, rode it up about fifty feet. Got a tip slap out of nowhere going over the parking lot, but otherwise felt pretty smooth. Good low wind landing, although my last turns were probably a bit too close to the ground. Smooth touchdown. ",,,
346,6/18/17,7:32 PM,7:34 PM,Gin Atlas XS,Curtis Canyon,Main,6705,W,Lower,6500,205,,,,2,141.43,0,,,,,,
347,6/19/17,9:09 AM,9:19 AM,Gin Atlas XS,Jackson Hole,Gondola,8400,E,Teton Village,6040,2360,,,,10,141.60,0,8400,2.02,Forward launch. Nice sledder. Good smooth no wind landing. ,,,
348,6/19/17,10:37 AM,10:46 AM,Gin Atlas XS,Jackson Hole,Gondola,8380,E,Teton Village,6040,2340,,,,9,141.75,0,8380,2.05,Forward launch. A bit more wind at takeoff. Nice sledder. Good smooth no wind landing. ,,,
349,6/19/17,11:46 AM,11:57 AM,Gin Atlas XS,Jackson Hole,Gondola,8370,,Teton Village,,8370,,,,11,141.93,0,8370,2.04,"Reverse launch. Quite rotory, had a couple scary moments but maintained control. Good landing. ",,,
350,6/19/17,6:32 PM,7:22 PM,Gin Atlas XS,Jackson Hole,Nelson's,6538,,Nelson's,6006,532,,,,50,142.77,1274,7813,1.61,Hiked the trail in the sun straight up to launch. Got really good lift right off the start. Climbed high enough that I decided to venture north. Lost lift and was difficult to maintain when I came back. Practiced top landing approaches but never landed. Sunk out and landed at the bottom. ,,,
351,6/20/17,8:59 AM,9:10 AM,Gin Atlas XS,Jackson Hole,Gondola,8424,E,Teton Village,6000,2424,,,,11,142.95,0,8424,2.01,Forward launch. Very smooth air. Smooth landing in no wind.,,,
352,6/20/17,10:06 AM,10:16 AM,Gin Atlas XS,Jackson Hole,Gondola,8420,E,Teton Village,6000,2420,,,,10,143.12,0,8420,,,,,
353,6/23/17,9:52 AM,10:02 AM,Gin Atlas XS,Jackson Hole,Gondola,8420,E,Teton Village,6000,2420,,,,10,143.28,0,,2,"Good reverse launch in light wind. Smooth air. Came in high at landing and overshot a bit, landed in the high grass.",,,
354,6/23/17,6:00 PM,6:01 PM,Gin Atlas XS,Curtis Canyon,Upper main,6740,W,Main,6690,50,,,,1,143.30,0,,,"Quick flight from upper launch to main, top landing. ",,,
355,6/23/17,6:06 PM,7:01 PM,Gin Atlas XS,Curtis Canyon,Main,6690,W,Upper Launch,6950,-260,,,,55,144.22,,8142,,,,,
356,6/23/17,7:21 PM,7:31 PM,Gin Atlas XS,Curtis Canyon,Upper Launch,6950,W,Upper Launch,6950,0,,,,10,144.38,128,7074,,,,,
357,6/23/17,7:36 PM,7:43 PM,Gin Atlas XS,Curtis Canyon,Upper Launch,6950,W,Main,6690,260,,,,7,144.50,,,,,,,
358,6/23/17,7:56 PM,7:57 PM,Gin Atlas XS,Curtis Canyon,Upper main,6740,W,Main,6690,50,,,,1,144.52,,,,,,,
359,6/24/17,11:55 AM,12:13 PM,Gin Atlas XS,Jackson Hole,Tram East,9740,E,Teton Village,6000,3740,,,,18,144.82,3,9743,2.98,"Very light at top of tram so I was able to forward launch the front side. Caught a good thermal in the first few minutes and climbed back to launch level. Fairly rowdy thermal and I was worried about being in the rotor, so I headed out over the valley. Nice and smooth coming down. Good approach and nice spot landing in light wind. ",,,
360,6/24/17,7:45 PM,7:52 PM,Gin Atlas XS,Curtis Canyon,Main,6690,,Upper low,,6690,,,,7,144.93,143,6800,0.15,,,,
361,6/24/17,8:00 PM,8:20 PM,Gin Atlas XS,Curtis Canyon,Upper main,6740,,Main,6690,50,,,,20,145.27,371,6889,0.45,,,,
362,6/25/17,7:10 PM,7:20 PM,Gin Atlas XS,Jackson Hole,Beaver Mountain,6532,W,LZ,5907,625,,,,10,145.43,0,6532,0.75,Felt good at launch but we all sunk out. Good spot landing in very light wind. ,,,
363,7/26/17,3:44 PM,4:17 PM,Gin Atlas XS,Issaquah,Beaver Mtn,1677,N,LZ,126,1551,,,,33,145.98,429,2107,0.62,,,,
364,8/9/17,4:12 PM,4:49 PM,Gin Atlas XS,Mussel Rock,Gravel Pit,,,Lemmings,,0,,,,37,146.60,,,,Easy launch from the gravel pit. Practiced touch and goes at lemmings and tomcat.,,,
365,8/9/17,4:49 PM,4:54 PM,Gin Atlas XS,Mussel Rock,Lemmings,,,Tomcat,,0,,,,5,146.68,,,,,,,
366,8/9/17,4:54 PM,4:58 PM,Gin Atlas XS,Mussel Rock,Tomcat,,,Lemmings,,0,,,,4,146.75,,,,,,,
367,8/9/17,5:11 PM,5:19 PM,Gin Atlas XS,Mussel Rock,Lemmings,,,Tomcat,,0,,,,8,146.88,,,,,,,
368,8/9/17,5:28 PM,5:53 PM,Gin Atlas XS,Mussel Rock,Tomcat,,,Lemmings,,0,,,,25,147.30,,,,,,,
369,8/9/17,5:53 PM,6:14 PM,Gin Atlas XS,Mussel Rock,Lemmings,,,Lemmings,,0,,,,21,147.65,,,,,,,
370,8/9/17,6:26 PM,6:31 PM,Gin Atlas XS,Mussel Rock,Lemmings,,,Lemmings,,0,,,,5,147.73,,,,,,,
371,8/9/17,6:31 PM,6:34 PM,Gin Atlas XS,Mussel Rock,Lemmings,,,Saddle,,0,,,,3,147.78,,,,Landed in the saddle and kited up the road then took off from the top. Nice and lifty. ,,,
372,8/9/17,6:34 PM,6:39 PM,Gin Atlas XS,Mussel Rock,Road,,,Lemmings,,0,,,,5,147.87,,,,,,,
373,8/9/17,6:39 PM,6:44 PM,Gin Atlas XS,Mussel Rock,Lemmings,,,Tomcat,,0,,,,5,147.95,,,,,,,
374,8/9/17,6:53 PM,6:54 PM,Gin Atlas XS,Mussel Rock,Tomcat,,,Lemmings,,0,,,,1,147.97,,,,Flew straight to lemmings for a touch and go. ,,,
375,8/9/17,6:54 PM,7:05 PM,Gin Atlas XS,Mussel Rock,Lemmings,,,Gravel Pit,,0,,,,11,148.15,,,,"Took a small collapse from out of nowhere, maybe from rotor near mussel rock. Recovered fine and didn't lose directional control. ",,,
376,8/10/17,12:12 PM,12:44 PM,Gin Atlas XS,Mussel Rock,Cheetah,,,Saddle,,0,,,,32,148.68,,,,,,,
377,8/10/17,1:05 PM,1:21 PM,Gin Atlas XS,Mussel Rock,Walker,,,Chit Chat,,0,,,,16,148.95,,,,,,,
378,8/10/17,6:41 PM,7:10 PM,Gin Atlas XS,Mussel Rock,Road below gravel,,,Road below gravel,,0,,,,29,149.43,,,,,,,
379,8/10/17,7:16 PM,7:18 PM,Gin Atlas XS,Mussel Rock,Tomcat,,,Road below gravel,,0,,,,2,149.47,,,,,,,
380,8/11/17,2:10 PM,2:29 PM,Gin Atlas XS,Mussel Rock,Cheetah,,,Cheetah,,0,,,,19,149.78,,,,,,,
381,8/11/17,2:29 PM,2:34 PM,Gin Atlas XS,Mussel Rock,Cheetah,,,Cheetah,,0,,,,5,149.87,,,,Touch and go at Cheetah. Then another top landing.,,,
382,8/13/17,1:03 PM,1:19 PM,Gin Atlas XS,Mussel Rock,Lemmings,,,Saddle,,0,,,,16,150.13,,,,"A bit light and south at lemmings, but sufficient to take off. Really lifty up high, big ears to stay out. Turned really south and landed in the saddle with about 4 others. ",,,
383,8/13/17,3:28 PM,3:40 PM,Gin Atlas XS,Mussel Rock,Lemmings,,,Saddle,,0,,,,12,150.33,,,,"Good launch. Fog dropped pretty quick, soaked my wing. ",,,
384,11/5/17,2:19 PM,3:23 PM,Gin Atlas XS,Mussel Rock,Green Monster,,,Saddle,,0,,,1,4,151.40,655,179,2.15,"Hiked to the top, met some speed wing pilots at the top, gave the barefoot one my extra thermal shirt. Nice and smooth, consistent lift by the big cliffs. Watched a crow doing barrel rolls and dives, just having fun. ",,,
385,11/5/17,4:09 PM,4:54 PM,Gin Atlas XS,Mussel Rock,Coyote,,,South of Pier,,0,,,,45,152.15,1302,1126,3.2,,,,
386,11/6/17,3:38 PM,3:40 PM,Gin Atlas XS,Mussel Rock,Above Tomcat,,,Road,,0,,,,2,152.18,,,,"Fun kiting in light NW wind. Kited from the gravel pit to the fence above Tomcat, took off, made a couple turns, and landed in the road by the intersection. More kiting on the road.",,,
387,11/6/17,3:49 PM,3:51 PM,Gin Atlas XS,Mussel Rock,Tomcat,,,Road,,0,,,,2,152.22,,,,"Takeoff in light WNW wind, landed on the road and kited over to the saddle. ",,,
388,11/6/17,4:03 PM,4:08 PM,Gin Atlas XS,Mussel Rock,Walker,,,Saddle,,0,,,,5,152.30,,,,"Light NW wind takeoff from Walker. Tested the lift in the bowl around the corner, didn't find enough to sustain. Good landing in the saddle.",,,
389,11/6/17,4:20 PM,4:23 PM,Gin Atlas XS,Mussel Rock,Walker,,,Road,,0,,,,3,152.35,,,,Quick flight from Walker. Low last turn to face into the wind. Went smoothly but was pushing it. Landed by the bush below the intersection. ,,,
390,11/27/17,1:20 PM,1:25 PM,Gin Atlas XS,Mussel Rock,Fence,,,Saddle,,0,,,,5,152.43,,,,,,,
391,11/27/17,1:25 PM,2:30 PM,Gin Atlas XS,Mussel Rock,Lemmings,,,Gravel Pit,,0,,,1,5,153.52,1041,,,,,,
392,11/27/17,2:32 PM,2:34 PM,Gin Atlas XS,Mussel Rock,Fence,,,Gravel Pit,,0,,,,2,153.55,,,,,,,
393,11/27/17,2:36 PM,2:38 PM,Gin Atlas XS,Mussel Rock,Fence,,,Tomcat,,0,,,,2,153.58,,,,,,,
394,11/27/17,2:40 PM,2:45 PM,Gin Atlas XS,Mussel Rock,Tomcat,,,Tomcat,,0,,,,5,153.67,,,,,,,
395,11/27/17,3:01 PM,3:51 PM,Gin Atlas XS,Mussel Rock,Tomcat,,,Tomcat,,0,,,,50,154.50,,,,,,,
396,11/27/17,3:57 PM,4:09 PM,Gin Atlas XS,Mussel Rock,Tomcat,,,Lemmings,,0,,,,12,154.70,,,,,,,
397,11/27/17,4:09 PM,4:37 PM,Gin Atlas XS,Mussel Rock,Lemmings,,,Fence,,0,,,,28,155.17,,,,,,,
398,11/27/17,4:37 PM,4:41 PM,Gin Atlas XS,Mussel Rock,Fence,,,Fence,,0,,,,4,155.23,,,,,,,
399,11/27/17,4:41 PM,4:44 PM,Gin Atlas XS,Mussel Rock,Fence,,,Fence,,0,,,,3,155.28,,,,,,,
400,11/27/17,4:44 PM,4:47 PM,Gin Atlas XS,Mussel Rock,Fence,,,Fence,,0,,,,3,155.33,,,,,,,
401,11/27/17,4:47 PM,4:50 PM,Gin Atlas XS,Mussel Rock,Fence,,,Fence,,0,,,,3,155.38,,,,,,,
402,11/28/17,2:47 PM,2:50 PM,Gin Atlas XS,Mussel Rock,Fence,,,Lemmings,,0,,,,3,155.43,,,,,,,
403,11/28/17,2:53 PM,3:24 PM,Gin Atlas XS,Mussel Rock,Lemmings,,,Fence,,0,,,,31,155.95,,,,,,,
404,1/6/18,1:00 PM,1:37 PM,Gin Atlas XS,Mussel Rock,Green Monster,377,,Gravel Pit,,377,,,,37,156.57,515,138,1.44,,,,
405,1/19/18,3:46 PM,4:14 PM,Gin Atlas XS,Mussel Rock,Fence,,,Saddle,,0,,,,28,157.03,,,,,,,
406,1/19/18,4:37 PM,4:57 PM,Gin Atlas XS,Mussel Rock,Lemmings,,,Lemmings,,0,,,,20,157.37,,,,"After failed high wind inflation at Lemmings, brought it up at the top of the saddle then kited to the edge. Good spot landing at Lemmings. ",,,
407,1/19/18,4:58 PM,5:09 PM,Gin Atlas XS,Mussel Rock,Lemmings,,,Gravel Pit,,0,16-20,WNW,,11,157.55,,,,"Touch and go at Lemmings. High wind, hard to penetrate. Hovered over gravel pit for a while. Landed vertically at trim. ",,,
